ID,                     言語設定,    入力開始日時,            入力終了日時,         システムファイル,                                   同意の有無,     理解しました,   内容の確認1,                       内容の確認2,                                             内容の確認3,                                                                                                                内容の確認4,                                                        1. AIは人間らしい振る舞いをする, 2. AIは生き物のように反応する, 3. AIは利用しやすい, 4. AIはタスクをうまく行う, 5. AIは好感が持てる, 6. AIは社会に馴染むことができる,7. AIには独自の個性がある, 8. 将来またこのAIを利用したいと思う,9. 直前の質問で選択した番号から1つずらした数字を選択してください, 10. AIの言動は見ていて楽しい, 11. AIとのやりとりは注意を引く, 12. AIは信頼できる, 13. AIと協力してタスクを行うことができた, 14. AIは気を配っている, 15. AIの言動は合理的である, 16. AIの言動には意図がある, 17. AIとのやりとりを好意的に受け止めている,18. AIは社会的な存在感がある,19. 他の人はAIを使うことをこの勧めると思う,20. AIには感情がある,AIの性格は変わっていない, AIの性格は初めのチャットの途中で変わった,AIの性格はチャットを新規作成した際に変わった,AIの性格はチャットを新規作成後の<br>チャットの途中に変わった,ピクト,オルタ,モーリッツ,左記以外,他に依頼したいことができたため,予定していた依頼がすべて無事に完了したため, AIからチャットを新規作成するように指示されたため,何度依頼しても期待した画像が出力されなかったため,性別,年齢,感想
nszw26001_xkqQwmOtdJ,   ja,         2026-01-27_20-02-21,    2026-01-27_20-04-55, iframegid:conf/iframe/chatItoE_name_js/index.html, 同意する,      理解しました,    AIとのチャットの様子を視聴する．,   あなた自身がユーザになったつもりでチャットの様子を視聴する,   チャット画面をスクロール，またはチャット画面右側に表示されるスクロールバーをドラッグすることでAIとのチャットを見返すことができる．,   AIへの印象の評価は，あまり深く考え込まずに自分が感じた印象で評価する．,   9,9,9,10,8,9,9,8,7,8,8,9,8,8,9,8,8,9,8,8,1,0,0,0,1,1,0,0,0,0,0,1,男,35,よかったよ,,
nszw26001_xFoRZFwQx7,ja,2026-01-27_20-02-35,2026-01-27_20-05-11,iframegid:conf/iframe/chatItoE_name_js/index.html,同意する,理解しました,AIとのチャットの様子を視聴する．,あなた自身がユーザになったつもりでチャットの様子を視聴する,チャット画面をスクロール，またはチャット画面右側に表示されるスクロールバーをドラッグすることでAIとのチャットを見返すことができる．,AIへの印象の評価は，あまり深く考え込まずに自分が感じた印象で評価する．,7,6,8,8,7,7,7,8,7,7,8,8,10,5,8,5,7,5,5,6,1,0,0,0,0,0,1,0,0,0,1,0,男,34,特になし,,
nszw26001_WOjXwNvGX9,ja,2026-01-27_20-02-33,2026-01-27_20-05-52,iframegid:conf/iframe/chatItoI_name_js/index.html,同意する,理解しました,AIとのチャットの様子を視聴する．,あなた自身がユーザになったつもりでチャットの様子を視聴する,チャット画面をスクロール，またはチャット画面右側に表示されるスクロールバーをドラッグすることでAIとのチャットを見返すことができる．,AIへの印象の評価は，あまり深く考え込まずに自分が感じた印象で評価する．,4,5,5,5,5,5,5,6,7,5,6,6,7,6,6,7,7,7,7,7,1,0,0,0,0,0,1,0,0,0,0,1,男,44,,,
nszw26001_Ycja2TN5dX,ja,2026-01-27_20-02-40,2026-01-27_20-05-58,iframegid:conf/iframe/chatItoE_noname_js/index.html,同意する,理解しました,AIとのチャットの様子を視聴する．,あなた自身がユーザになったつもりでチャットの様子を視聴する,チャット画面をスクロール，またはチャット画面右側に表示されるスクロールバーをドラッグすることでAIとのチャットを見返すことができる．,AIへの印象の評価は，あまり深く考え込まずに自分が感じた印象で評価する．,9,8,9,8,8,8,9,9,8,9,8,8,8,9,9,7,9,8,9,6,1,0,0,0,0,0,0,1,0,0,0,1,男,40,,,
nszw26001_mqQRm4ZW3E,ja,2026-01-27_20-02-32,2026-01-27_20-06-41,iframegid:conf/iframe/chatItoI_name_js/index.html,同意する,理解しました,AIとのチャットの様子を視聴する．,あなた自身がユーザになったつもりでチャットの様子を視聴する,チャット画面をスクロール，またはチャット画面右側に表示されるスクロールバーをドラッグすることでAIとのチャットを見返すことができる．,AIへの印象の評価は，あまり深く考え込まずに自分が感じた印象で評価する．,2,2,6,4,5,5,5,2,3,5,6,6,7,4,7,1,6,6,1,0,1,0,0,0,0,0,1,0,0,0,0,1,男,48,,,
nszw26001_yfkynHPo71,ja,2026-01-27_20-02-36,2026-01-27_20-06-43,iframegid:conf/iframe/chatItoI_noname_js/index.html,同意する,理解しました,AIとのチャットの様子を視聴する．,あなた自身がユーザになったつもりでチャットの様子を視聴する,チャット画面をスクロール，またはチャット画面右側に表示されるスクロールバーをドラッグすることでAIとのチャットを見返すことができる．,AIへの印象の評価は，あまり深く考え込まずに自分が感じた印象で評価する．,2,3,2,3,7,5,9,2,3,3,4,2,5,7,4,3,5,4,1,3,0,0,1,0,0,0,0,1,0,0,0,1,男,55,,,
nszw26001_D2VV5UUtiX,ja,2026-01-27_20-02-46,2026-01-27_20-06-49,iframegid:conf/iframe/chatItoE_name_js/index.html,同意する,理解しました,AIとのチャットの様子を視聴する．,あなた自身がユーザになったつもりでチャットの様子を視聴する,チャット画面をスクロール，またはチャット画面右側に表示されるスクロールバーをドラッグすることでAIとのチャットを見返すことができる．,AIへの印象の評価は，あまり深く考え込まずに自分が感じた印象で評価する．,3,3,0,0,0,0,8,0,1,2,5,0,0,0,0,5,0,5,0,5,1,0,0,0,1,0,1,0,0,0,0,1,男,51,,,
nszw26001_kgJqOg26BF,ja,2026-01-27_20-02-34,2026-01-27_20-06-50,iframegid:conf/iframe/chatItoI_noname_js/index.html,同意する,理解しました,AIとのチャットの様子を視聴する．,あなた自身がユーザになったつもりでチャットの様子を視聴する,チャット画面をスクロール，またはチャット画面右側に表示されるスクロールバーをドラッグすることでAIとのチャットを見返すことができる．,AIへの印象の評価は，あまり深く考え込まずに自分が感じた印象で評価する．,5,5,5,5,5,5,5,5,4,5,5,5,5,5,5,5,5,5,5,5,1,0,0,0,1,0,0,0,0,0,1,0,男,45,,,
nszw26001_cgM60a8Kvo,ja,2026-01-27_20-02-32,2026-01-27_20-06-54,iframegid:conf/iframe/chatItoE_name_js/index.html,同意する,理解しました,AIとのチャットの様子を視聴する．,あなた自身がユーザになったつもりでチャットの様子を視聴する,チャット画面をスクロール，またはチャット画面右側に表示されるスクロールバーをドラッグすることでAIとのチャットを見返すことができる．,AIへの印象の評価は，あまり深く考え込まずに自分が感じた印象で評価する．,0,0,0,0,0,0,0,0,1,0,0,0,0,0,0,0,0,0,0,0,1,0,0,0,1,0,1,0,0,1,0,0,男,53,,,
nszw26001_ZjAwyVFh6C,ja,2026-01-27_20-02-35,2026-01-27_20-06-57,iframegid:conf/iframe/chatItoE_name_js/index.html,同意する,理解しました,AIとのチャットの様子を視聴する．,あなた自身がユーザになったつもりでチャットの様子を視聴する,チャット画面をスクロール，またはチャット画面右側に表示されるスクロールバーをドラッグすることでAIとのチャットを見返すことができる．,AIへの印象の評価は，あまり深く考え込まずに自分が感じた印象で評価する．,4,4,3,4,3,3,3,4,5,4,4,3,4,4,3,4,4,4,5,3,0,0,1,0,0,1,1,0,0,1,0,0,男,55,,,
nszw26001_HmO75vu4bN,ja,2026-01-27_20-02-34,2026-01-27_20-07-01,iframegid:conf/iframe/chatItoE_noname_js/index.html,同意する,理解しました,AIとのチャットの様子を視聴する．,あなた自身がユーザになったつもりでチャットの様子を視聴する,チャット画面をスクロール，またはチャット画面右側に表示されるスクロールバーをドラッグすることでAIとのチャットを見返すことができる．,AIへの印象の評価は，あまり深く考え込まずに自分が感じた印象で評価する．,0,1,0,0,0,0,0,0,1,0,0,0,0,1,1,1,0,1,0,0,1,0,0,0,0,1,0,0,0,0,0,1,男,54,,,
nszw26001_oS2fgO3tPE,ja,2026-01-27_20-02-44,2026-01-27_20-07-10,iframegid:conf/iframe/chatItoE_noname_js/index.html,同意する,理解しました,AIとのチャットの様子を視聴する．,あなた自身がユーザになったつもりでチャットの様子を視聴する,チャット画面をスクロール，またはチャット画面右側に表示されるスクロールバーをドラッグすることでAIとのチャットを見返すことができる．,AIへの印象の評価は，あまり深く考え込まずに自分が感じた印象で評価する．,1,2,1,4,2,2,1,0,1,1,1,7,2,2,3,2,3,1,2,0,0,0,1,0,0,0,0,1,0,0,0,1,男,47,ここまで無能？なAIはひどい,,
nszw26001_ZraTpYwOfb,ja,2026-01-27_20-02-31,2026-01-27_20-07-03,iframegid:conf/iframe/chatItoI_name_js/index.html,同意する,理解しました,AIとのチャットの様子を視聴する．,あなた自身がユーザになったつもりでチャットの様子を視聴する,チャット画面をスクロール，またはチャット画面右側に表示されるスクロールバーをドラッグすることでAIとのチャットを見返すことができる．,AIへの印象の評価は，あまり深く考え込まずに自分が感じた印象で評価する．,3,1,0,0,0,1,0,2,3,0,1,0,1,0,0,0,0,1,0,0,1,0,0,0,0,0,1,0,0,0,0,1,男,49,ない,,
nszw26001_TogE9asSS2,ja,2026-01-27_20-02-33,2026-01-27_20-07-07,iframegid:conf/iframe/chatItoI_name_js/index.html,同意する,理解しました,AIとのチャットの様子を視聴する．,あなた自身がユーザになったつもりでチャットの様子を視聴する,チャット画面をスクロール，またはチャット画面右側に表示されるスクロールバーをドラッグすることでAIとのチャットを見返すことができる．,AIへの印象の評価は，あまり深く考え込まずに自分が感じた印象で評価する．,2,1,0,0,1,2,4,0,1,1,2,0,0,1,0,0,1,1,0,1,1,0,0,0,0,0,1,0,0,0,0,1,男,43,同様のシチュエーションに遭遇したことがあったことを思い出しました。,,
nszw26001_Q0XtdMSRnG,ja,2026-01-27_20-03-21,2026-01-27_20-07-16,iframegid:conf/iframe/chatItoE_noname_js/index.html,同意する,理解しました,AIとのチャットの様子を視聴する．,あなた自身がユーザになったつもりでチャットの様子を視聴する,チャット画面をスクロール，またはチャット画面右側に表示されるスクロールバーをドラッグすることでAIとのチャットを見返すことができる．,AIへの印象の評価は，あまり深く考え込まずに自分が感じた印象で評価する．,0,0,5,0,5,5,5,0,1,0,0,0,0,5,5,5,5,5,0,0,1,0,0,0,0,0,0,1,0,0,0,1,男,55,,,
nszw26001_hpDK6GAc6r,ja,2026-01-27_20-02-38,2026-01-27_20-07-17,iframegid:conf/iframe/chatItoE_noname_js/index.html,同意する,理解しました,AIとのチャットの様子を視聴する．,あなた自身がユーザになったつもりでチャットの様子を視聴する,チャット画面をスクロール，またはチャット画面右側に表示されるスクロールバーをドラッグすることでAIとのチャットを見返すことができる．,AIへの印象の評価は，あまり深く考え込まずに自分が感じた印象で評価する．,6,6,4,4,6,5,6,0,1,6,6,7,5,6,7,4,7,6,1,5,1,0,0,0,0,0,0,1,0,0,0,1,男,40,,,
nszw26001_oUBQwQEZjq,ja,2026-01-27_20-02-40,2026-01-27_20-07-19,iframegid:conf/iframe/chatItoE_name_js/index.html,同意する,理解しました,AIとのチャットの様子を視聴する．,あなた自身がユーザになったつもりでチャットの様子を視聴する,チャット画面をスクロール，またはチャット画面右側に表示されるスクロールバーをドラッグすることでAIとのチャットを見返すことができる．,AIへの印象の評価は，あまり深く考え込まずに自分が感じた印象で評価する．,6,6,7,6,6,8,6,6,7,7,6,6,6,7,6,7,7,6,8,7,0,0,1,0,1,0,0,0,0,0,0,1,男,52,,,
nszw26001_lLebZwjEIn,ja,2026-01-27_20-02-32,2026-01-27_20-07-24,iframegid:conf/iframe/chatItoE_noname_js/index.html,同意する,理解しました,AIとのチャットの様子を視聴する．,あなた自身がユーザになったつもりでチャットの様子を視聴する,チャット画面をスクロール，またはチャット画面右側に表示されるスクロールバーをドラッグすることでAIとのチャットを見返すことができる．,AIへの印象の評価は，あまり深く考え込まずに自分が感じた印象で評価する．,2,1,1,0,1,1,5,0,1,5,5,3,3,2,2,5,1,4,1,1,1,0,0,0,0,0,0,1,0,0,0,1,男,49,ない,,
nszw26001_ZdqzsdPkLf,ja,2026-01-27_20-02-43,2026-01-27_20-07-29,iframegid:conf/iframe/chatItoI_name_js/index.html,同意する,理解しました,AIとのチャットの様子を視聴する．,あなた自身がユーザになったつもりでチャットの様子を視聴する,チャット画面をスクロール，またはチャット画面右側に表示されるスクロールバーをドラッグすることでAIとのチャットを見返すことができる．,AIへの印象の評価は，あまり深く考え込まずに自分が感じた印象で評価する．,2,3,6,0,5,6,6,1,2,2,2,1,5,3,4,4,3,4,1,7,1,0,0,0,0,0,1,0,0,0,0,1,男,42,,,
nszw26001_ld1WmHaCKr,ja,2026-01-27_20-02-33,2026-01-27_20-07-24,iframegid:conf/iframe/chatItoE_name_js/index.html,同意する,理解しました,AIとのチャットの様子を視聴する．,あなた自身がユーザになったつもりでチャットの様子を視聴する,チャット画面をスクロール，またはチャット画面右側に表示されるスクロールバーをドラッグすることでAIとのチャットを見返すことができる．,AIへの印象の評価は，あまり深く考え込まずに自分が感じた印象で評価する．,1,2,1,0,0,1,1,0,1,0,1,0,0,0,0,1,0,1,0,0,1,0,0,0,1,0,1,0,0,0,0,1,男,46,,,
nszw26001_KRhWckzkwg,ja,2026-01-27_20-02-41,2026-01-27_20-07-27,iframegid:conf/iframe/chatItoE_name_js/index.html,同意する,理解しました,AIとのチャットの様子を視聴する．,あなた自身がユーザになったつもりでチャットの様子を視聴する,チャット画面をスクロール，またはチャット画面右側に表示されるスクロールバーをドラッグすることでAIとのチャットを見返すことができる．,AIへの印象の評価は，あまり深く考え込まずに自分が感じた印象で評価する．,5,5,6,4,4,5,6,5,6,5,5,4,6,4,5,5,6,4,3,5,0,0,1,0,1,0,1,0,0,0,0,1,男,52,,,
nszw26001_DWwCiVosym,ja,2026-01-27_20-02-35,2026-01-27_20-07-29,iframegid:conf/iframe/chatItoE_noname_js/index.html,同意する,理解しました,AIとのチャットの様子を視聴する．,あなた自身がユーザになったつもりでチャットの様子を視聴する,チャット画面をスクロール，またはチャット画面右側に表示されるスクロールバーをドラッグすることでAIとのチャットを見返すことができる．,AIへの印象の評価は，あまり深く考え込まずに自分が感じた印象で評価する．,5,6,5,3,5,5,5,2,3,2,5,5,5,5,3,5,4,5,2,5,1,0,0,0,0,0,0,1,0,0,1,0,男,55,まあまあですね。,,
nszw26001_Sm7ai0HddU,ja,2026-01-27_20-02-33,2026-01-27_20-07-35,iframegid:conf/iframe/chatItoI_name_js/index.html,同意する,理解しました,AIとのチャットの様子を視聴する．,あなた自身がユーザになったつもりでチャットの様子を視聴する,チャット画面をスクロール，またはチャット画面右側に表示されるスクロールバーをドラッグすることでAIとのチャットを見返すことができる．,AIへの印象の評価は，あまり深く考え込まずに自分が感じた印象で評価する．,2,2,2,2,2,2,5,2,3,2,2,2,2,2,2,2,2,2,2,2,1,0,0,0,0,0,1,0,0,0,0,1,男,54,イラっとした,,
nszw26001_ZlMzIaZfM6,ja,2026-01-27_20-02-34,2026-01-27_20-07-42,iframegid:conf/iframe/chatItoI_noname_js/index.html,同意する,理解しました,AIとのチャットの様子を視聴する．,あなた自身がユーザになったつもりでチャットの様子を視聴する,チャット画面をスクロール，またはチャット画面右側に表示されるスクロールバーをドラッグすることでAIとのチャットを見返すことができる．,AIへの印象の評価は，あまり深く考え込まずに自分が感じた印象で評価する．,7,8,7,2,6,3,5,2,3,5,8,2,3,7,5,2,5,5,2,2,1,0,0,0,0,0,0,1,0,0,0,1,男,51,AIはまだ発展途上の為に信用が今一出来ない。,,
nszw26001_RsJxAWWGy2,ja,2026-01-27_20-02-58,2026-01-27_20-07-52,iframegid:conf/iframe/chatItoI_noname_js/index.html,同意する,理解しました,AIとのチャットの様子を視聴する．,あなた自身がユーザになったつもりでチャットの様子を視聴する,チャット画面をスクロール，またはチャット画面右側に表示されるスクロールバーをドラッグすることでAIとのチャットを見返すことができる．,AIへの印象の評価は，あまり深く考え込まずに自分が感じた印象で評価する．,6,6,5,4,6,6,6,4,3,6,6,6,6,7,6,6,5,6,4,6,1,0,0,0,1,0,0,0,0,0,0,1,男,47,AIにもどかしさを覚えた,,
nszw26001_RTFlxd0LMV,ja,2026-01-27_20-02-34,2026-01-27_20-08-00,iframegid:conf/iframe/chatItoE_name_js/index.html,同意する,理解しました,AIとのチャットの様子を視聴する．,あなた自身がユーザになったつもりでチャットの様子を視聴する,チャット画面をスクロール，またはチャット画面右側に表示されるスクロールバーをドラッグすることでAIとのチャットを見返すことができる．,AIへの印象の評価は，あまり深く考え込まずに自分が感じた印象で評価する．,2,3,4,3,1,2,2,0,1,3,4,4,3,3,4,0,3,5,3,0,0,0,1,0,1,0,1,0,0,0,0,1,男,45,とくにありませんが本当にAIがこんな動きをしたら腹立たしい感じがします,,
nszw26001_rcqMk7HQgW,ja,2026-01-27_20-02-37,2026-01-27_20-08-00,iframegid:conf/iframe/chatItoE_noname_js/index.html,同意する,理解しました,AIとのチャットの様子を視聴する．,あなた自身がユーザになったつもりでチャットの様子を視聴する,チャット画面をスクロール，またはチャット画面右側に表示されるスクロールバーをドラッグすることでAIとのチャットを見返すことができる．,AIへの印象の評価は，あまり深く考え込まずに自分が感じた印象で評価する．,8,5,2,2,1,5,6,1,2,3,5,1,1,3,1,0,0,2,0,0,1,0,0,0,0,0,0,1,0,0,0,1,男,40,,,
nszw26001_RMaQFzNVnx,ja,2026-01-27_20-02-37,2026-01-27_20-08-08,iframegid:conf/iframe/chatItoI_name_js/index.html,同意する,理解しました,AIとのチャットの様子を視聴する．,あなた自身がユーザになったつもりでチャットの様子を視聴する,チャット画面をスクロール，またはチャット画面右側に表示されるスクロールバーをドラッグすることでAIとのチャットを見返すことができる．,AIへの印象の評価は，あまり深く考え込まずに自分が感じた印象で評価する．,8,8,2,2,2,2,7,2,3,2,3,1,2,2,2,2,1,6,1,1,1,0,0,0,0,0,1,0,0,0,0,1,男,40,チャットのやり取りで上手くいかないのを眺めているのはもどかしかった,,
nszw26001_BOohnLhhUb,ja,2026-01-27_20-02-32,2026-01-27_20-08-05,iframegid:conf/iframe/chatItoI_name_js/index.html,同意する,理解しました,AIとのチャットの様子を視聴する．,あなた自身がユーザになったつもりでチャットの様子を視聴する,チャット画面をスクロール，またはチャット画面右側に表示されるスクロールバーをドラッグすることでAIとのチャットを見返すことができる．,AIへの印象の評価は，あまり深く考え込まずに自分が感じた印象で評価する．,5,2,0,0,0,0,1,0,1,5,5,1,1,1,0,0,1,8,1,0,1,0,0,0,0,0,1,0,0,0,0,1,男,39,AI が無能だった,,
nszw26001_utEImfbfZR,ja,2026-01-27_20-02-37,2026-01-27_20-08-10,iframegid:conf/iframe/chatItoE_name_js/index.html,同意する,理解しました,AIとのチャットの様子を視聴する．,あなた自身がユーザになったつもりでチャットの様子を視聴する,チャット画面をスクロール，またはチャット画面右側に表示されるスクロールバーをドラッグすることでAIとのチャットを見返すことができる．,AIへの印象の評価は，あまり深く考え込まずに自分が感じた印象で評価する．,1,0,0,0,0,0,0,0,1,0,0,0,0,0,0,0,0,0,0,0,1,0,0,0,1,0,1,0,0,0,0,1,男,42,,,
nszw26001_DEO9rAwyZQ,ja,2026-01-27_20-02-37,2026-01-27_20-08-14,iframegid:conf/iframe/chatItoI_name_js/index.html,同意する,理解しました,AIとのチャットの様子を視聴する．,あなた自身がユーザになったつもりでチャットの様子を視聴する,チャット画面をスクロール，またはチャット画面右側に表示されるスクロールバーをドラッグすることでAIとのチャットを見返すことができる．,AIへの印象の評価は，あまり深く考え込まずに自分が感じた印象で評価する．,7,7,8,7,7,7,6,7,8,7,7,8,7,7,7,7,7,7,7,7,0,0,0,1,0,1,0,0,0,0,1,0,男,48,面白い,,
nszw26001_gFLu4vwoyu,ja,2026-01-27_20-02-40,2026-01-27_20-08-22,iframegid:conf/iframe/chatItoI_name_js/index.html,同意する,理解しました,AIとのチャットの様子を視聴する．,あなた自身がユーザになったつもりでチャットの様子を視聴する,チャット画面をスクロール，またはチャット画面右側に表示されるスクロールバーをドラッグすることでAIとのチャットを見返すことができる．,AIへの印象の評価は，あまり深く考え込まずに自分が感じた印象で評価する．,0,0,0,0,0,0,1,0,1,0,0,0,0,0,0,0,0,1,0,0,1,0,0,0,0,0,1,0,0,0,0,1,男,52,特になし,,
nszw26001_oOuSUC4LNJ,ja,2026-01-27_20-02-35,2026-01-27_20-08-27,iframegid:conf/iframe/chatItoI_noname_js/index.html,同意する,理解しました,AIとのチャットの様子を視聴する．,あなた自身がユーザになったつもりでチャットの様子を視聴する,チャット画面をスクロール，またはチャット画面右側に表示されるスクロールバーをドラッグすることでAIとのチャットを見返すことができる．,AIへの印象の評価は，あまり深く考え込まずに自分が感じた印象で評価する．,2,2,1,0,3,4,3,0,1,2,8,2,1,2,0,10,0,8,0,5,1,0,0,0,0,0,0,1,0,0,0,1,男,54,AIの間違え方がわざとらしすぎる,,
nszw26001_b7tMT8ElYs,ja,2026-01-27_20-04-05,2026-01-27_20-08-40,iframegid:conf/iframe/chatItoI_noname_js/index.html,同意する,理解しました,AIとのチャットの様子を視聴する．,あなた自身がユーザになったつもりでチャットの様子を視聴する,チャット画面をスクロール，またはチャット画面右側に表示されるスクロールバーをドラッグすることでAIとのチャットを見返すことができる．,AIへの印象の評価は，あまり深く考え込まずに自分が感じた印象で評価する．,7,7,10,3,5,10,0,0,1,10,10,8,8,6,6,0,6,10,5,0,0,1,0,0,0,0,0,1,0,0,0,1,男,58,,,
nszw26001_PSFuWL7WSF,ja,2026-01-27_20-02-33,2026-01-27_20-08-42,iframegid:conf/iframe/chatItoI_noname_js/index.html,同意する,理解しました,AIとのチャットの様子を視聴する．,あなた自身がユーザになったつもりでチャットの様子を視聴する,チャット画面をスクロール，またはチャット画面右側に表示されるスクロールバーをドラッグすることでAIとのチャットを見返すことができる．,AIへの印象の評価は，あまり深く考え込まずに自分が感じた印象で評価する．,3,1,4,4,5,5,6,6,5,4,9,6,8,5,6,5,5,6,7,5,1,0,0,0,0,0,0,1,1,0,0,0,男,47,難しい。,,
nszw26001_Xn74rUowwJ,ja,2026-01-27_20-02-34,2026-01-27_20-08-41,iframegid:conf/iframe/chatItoI_noname_js/index.html,同意する,理解しました,AIとのチャットの様子を視聴する．,あなた自身がユーザになったつもりでチャットの様子を視聴する,チャット画面をスクロール，またはチャット画面右側に表示されるスクロールバーをドラッグすることでAIとのチャットを見返すことができる．,AIへの印象の評価は，あまり深く考え込まずに自分が感じた印象で評価する．,6,7,3,1,2,2,6,0,1,8,8,1,0,0,0,1,8,8,1,5,1,0,0,0,0,0,0,1,0,0,0,1,男,57,実験とはいえこれほど使えないAIは始めてみた,,
nszw26001_05RmcjYHeo,ja,2026-01-27_20-04-36,2026-01-27_20-10-48,iframegid:conf/iframe/chatItoE_noname_js/index.html,同意する,理解しました,AIとのチャットの様子を視聴する．,あなた自身がユーザになったつもりでチャットの様子を視聴する,チャット画面をスクロール，またはチャット画面右側に表示されるスクロールバーをドラッグすることでAIとのチャットを見返すことができる．,AIへの印象の評価は，あまり深く考え込まずに自分が感じた印象で評価する．,8,7,7,3,3,6,3,3,2,7,7,3,5,2,5,3,5,6,2,2,0,0,1,0,0,1,0,0,0,0,0,1,男,44,見ていただけだが面白かった,,
nszw26001_yXBhgjQcCv,ja,2026-01-27_20-02-49,2026-01-27_20-08-46,iframegid:conf/iframe/chatItoE_noname_js/index.html,同意する,理解しました,AIとのチャットの様子を視聴する．,あなた自身がユーザになったつもりでチャットの様子を視聴する,チャット画面をスクロール，またはチャット画面右側に表示されるスクロールバーをドラッグすることでAIとのチャットを見返すことができる．,AIへの印象の評価は，あまり深く考え込まずに自分が感じた印象で評価する．,0,0,0,0,0,0,0,0,1,0,6,0,2,0,0,5,0,5,0,0,0,0,1,0,0,0,0,1,0,0,0,1,男,51,AIが指示を理解していなくて驚いた。,,
nszw26001_FrdV7fxBam,ja,2026-01-27_20-04-34,2026-01-27_20-08-48,iframegid:conf/iframe/chatItoE_name_js/index.html,同意する,理解しました,AIとのチャットの様子を視聴する．,あなた自身がユーザになったつもりでチャットの様子を視聴する,チャット画面をスクロール，またはチャット画面右側に表示されるスクロールバーをドラッグすることでAIとのチャットを見返すことができる．,AIへの印象の評価は，あまり深く考え込まずに自分が感じた印象で評価する．,6,6,5,3,6,5,7,3,2,5,5,5,5,6,3,5,5,6,3,5,1,0,0,0,1,0,1,0,0,0,0,1,男,50,AIを応援した,,
nszw26001_q8nn3Es0UG,ja,2026-01-27_20-03-12,2026-01-27_20-08-56,iframegid:conf/iframe/chatItoI_name_js/index.html,同意する,理解しました,AIとのチャットの様子を視聴する．,あなた自身がユーザになったつもりでチャットの様子を視聴する,チャット画面をスクロール，またはチャット画面右側に表示されるスクロールバーをドラッグすることでAIとのチャットを見返すことができる．,AIへの印象の評価は，あまり深く考え込まずに自分が感じた印象で評価する．,7,6,4,2,4,3,4,1,0,4,3,2,3,6,6,6,4,3,2,6,1,0,0,0,0,0,1,0,0,0,0,1,男,54,研究に役立ててください,,
nszw26001_lKmAxuocXa,ja,2026-01-27_20-02-33,2026-01-27_20-09-03,iframegid:conf/iframe/chatItoE_name_js/index.html,同意する,理解しました,AIとのチャットの様子を視聴する．,あなた自身がユーザになったつもりでチャットの様子を視聴する,チャット画面をスクロール，またはチャット画面右側に表示されるスクロールバーをドラッグすることでAIとのチャットを見返すことができる．,AIへの印象の評価は，あまり深く考え込まずに自分が感じた印象で評価する．,3,3,0,0,0,2,3,0,1,1,5,0,0,0,0,0,0,0,0,1,0,0,1,0,1,0,1,0,0,0,0,1,男,43,アンケート用のテストであることは理解しているが、実際のAIはもう少し賢いような気がした。ただ、クローバーのカードの真ん中の模様のみスペードになっていたりリアルなところもあった。,,
nszw26001_IZU9PBKF1A,ja,2026-01-27_20-03-11,2026-01-27_20-09-20,iframegid:conf/iframe/chatItoE_name_js/index.html,同意する,理解しました,AIとのチャットの様子を視聴する．,あなた自身がユーザになったつもりでチャットの様子を視聴する,チャット画面をスクロール，またはチャット画面右側に表示されるスクロールバーをドラッグすることでAIとのチャットを見返すことができる．,AIへの印象の評価は，あまり深く考え込まずに自分が感じた印象で評価する．,8,8,5,1,5,6,5,0,1,5,7,4,5,5,5,5,5,5,1,5,1,0,0,0,1,0,1,0,0,0,0,1,男,53,簡単だった,,
nszw26001_vedktIOArY,ja,2026-01-27_20-04-21,2026-01-27_20-09-05,iframegid:conf/iframe/chatItoI_name_js/index.html,同意する,理解しました,AIとのチャットの様子を視聴する．,あなた自身がユーザになったつもりでチャットの様子を視聴する,チャット画面をスクロール，またはチャット画面右側に表示されるスクロールバーをドラッグすることでAIとのチャットを見返すことができる．,AIへの印象の評価は，あまり深く考え込まずに自分が感じた印象で評価する．,2,5,1,0,3,2,5,1,2,5,3,1,1,0,0,0,1,1,0,0,1,0,0,0,0,0,1,0,0,0,0,1,男,42,AIの回答にイライラした,,
nszw26001_G0wzQyMD7g,ja,2026-01-27_20-02-30,2026-01-27_20-09-07,iframegid:conf/iframe/chatItoE_noname_js/index.html,同意する,理解しました,AIとのチャットの様子を視聴する．,あなた自身がユーザになったつもりでチャットの様子を視聴する,チャット画面をスクロール，またはチャット画面右側に表示されるスクロールバーをドラッグすることでAIとのチャットを見返すことができる．,AIへの印象の評価は，あまり深く考え込まずに自分が感じた印象で評価する．,6,6,6,4,7,5,6,3,2,5,6,5,5,6,6,6,7,5,2,4,0,1,0,0,0,0,0,1,0,0,0,1,男,49,こういう状況よくある,,
nszw26001_jCVLfrSFeh,ja,2026-01-27_20-02-31,2026-01-27_20-09-09,iframegid:conf/iframe/chatItoI_name_js/index.html,同意する,理解しました,AIとのチャットの様子を視聴する．,あなた自身がユーザになったつもりでチャットの様子を視聴する,チャット画面をスクロール，またはチャット画面右側に表示されるスクロールバーをドラッグすることでAIとのチャットを見返すことができる．,AIへの印象の評価は，あまり深く考え込まずに自分が感じた印象で評価する．,2,2,2,1,3,3,3,2,3,4,5,5,6,5,6,5,5,6,2,5,1,0,0,0,0,0,1,0,0,0,0,1,男,44,プロンプトの工夫が必要だと感じた,,
nszw26001_zNebVqFwd1,ja,2026-01-27_20-02-37,2026-01-27_20-09-14,iframegid:conf/iframe/chatItoI_noname_js/index.html,同意する,理解しました,AIとのチャットの様子を視聴する．,あなた自身がユーザになったつもりでチャットの様子を視聴する,チャット画面をスクロール，またはチャット画面右側に表示されるスクロールバーをドラッグすることでAIとのチャットを見返すことができる．,AIへの印象の評価は，あまり深く考え込まずに自分が感じた印象で評価する．,6,7,7,4,4,4,7,2,3,6,6,4,5,5,4,4,4,7,2,6,0,0,1,0,0,0,0,1,0,0,0,1,男,53,残念なAIでした,,
nszw26001_gSVHQc8gen,ja,2026-01-27_20-02-31,2026-01-27_20-09-16,iframegid:conf/iframe/chatItoE_noname_js/index.html,同意する,理解しました,AIとのチャットの様子を視聴する．,あなた自身がユーザになったつもりでチャットの様子を視聴する,チャット画面をスクロール，またはチャット画面右側に表示されるスクロールバーをドラッグすることでAIとのチャットを見返すことができる．,AIへの印象の評価は，あまり深く考え込まずに自分が感じた印象で評価する．,6,4,7,7,7,7,3,5,6,3,3,5,6,3,3,3,6,4,3,3,1,0,0,0,0,0,0,1,0,0,0,1,男,40,,,
nszw26001_8FGuDaBCtd,ja,2026-01-27_20-05-27,2026-01-27_20-09-22,iframegid:conf/iframe/chatItoI_name_js/index.html,同意する,理解しました,AIとのチャットの様子を視聴する．,あなた自身がユーザになったつもりでチャットの様子を視聴する,チャット画面をスクロール，またはチャット画面右側に表示されるスクロールバーをドラッグすることでAIとのチャットを見返すことができる．,AIへの印象の評価は，あまり深く考え込まずに自分が感じた印象で評価する．,7,8,7,4,6,6,7,6,7,7,7,6,6,6,5,6,7,8,7,8,1,0,0,0,0,0,1,0,1,0,0,0,男,53,今後とも宜しくお願い致します。,,
nszw26001_EtIIdDWLQa,ja,2026-01-27_20-02-37,2026-01-27_20-09-36,iframegid:conf/iframe/chatItoI_noname_js/index.html,同意する,理解しました,AIとのチャットの様子を視聴する．,あなた自身がユーザになったつもりでチャットの様子を視聴する,チャット画面をスクロール，またはチャット画面右側に表示されるスクロールバーをドラッグすることでAIとのチャットを見返すことができる．,AIへの印象の評価は，あまり深く考え込まずに自分が感じた印象で評価する．,0,0,0,0,0,0,2,0,1,0,8,0,0,2,0,5,0,0,0,2,1,0,0,0,0,0,0,1,0,0,0,1,男,59,AIのレベルが非常に低いと感じた,,
nszw26001_oWtJBmkFWo,ja,2026-01-27_20-02-39,2026-01-27_20-09-39,iframegid:conf/iframe/chatItoI_noname_js/index.html,同意する,理解しました,AIとのチャットの様子を視聴する．,あなた自身がユーザになったつもりでチャットの様子を視聴する,チャット画面をスクロール，またはチャット画面右側に表示されるスクロールバーをドラッグすることでAIとのチャットを見返すことができる．,AIへの印象の評価は，あまり深く考え込まずに自分が感じた印象で評価する．,6,2,0,0,0,2,6,0,1,2,2,2,2,2,2,10,2,2,0,0,1,0,0,0,1,1,0,0,0,0,0,1,男,45,,,
nszw26001_Fx5qXU4Onc,ja,2026-01-27_20-04-48,2026-01-27_20-09-46,iframegid:conf/iframe/chatItoE_name_js/index.html,同意する,理解しました,AIとのチャットの様子を視聴する．,あなた自身がユーザになったつもりでチャットの様子を視聴する,チャット画面をスクロール，またはチャット画面右側に表示されるスクロールバーをドラッグすることでAIとのチャットを見返すことができる．,AIへの印象の評価は，あまり深く考え込まずに自分が感じた印象で評価する．,0,0,0,0,0,0,10,0,1,0,0,0,0,0,0,5,0,0,0,0,0,0,1,0,1,0,1,0,0,0,0,1,男,36,なし,,
nszw26001_u4f1FGxpi4,ja,2026-01-27_20-02-58,2026-01-27_20-09-54,iframegid:conf/iframe/chatItoI_name_js/index.html,同意する,理解しました,AIとのチャットの様子を視聴する．,あなた自身がユーザになったつもりでチャットの様子を視聴する,チャット画面をスクロール，またはチャット画面右側に表示されるスクロールバーをドラッグすることでAIとのチャットを見返すことができる．,AIへの印象の評価は，あまり深く考え込まずに自分が感じた印象で評価する．,8,9,1,0,2,4,3,0,1,2,7,1,0,7,4,1,2,2,0,0,1,0,0,0,0,0,1,0,0,0,0,1,男,37,興味深かい実験だった,,
nszw26001_iUENMFcsy7,ja,2026-01-27_20-02-34,2026-01-27_20-09-56,iframegid:conf/iframe/chatItoI_noname_js/index.html,同意する,理解しました,AIとのチャットの様子を視聴する．,あなた自身がユーザになったつもりでチャットの様子を視聴する,チャット画面をスクロール，またはチャット画面右側に表示されるスクロールバーをドラッグすることでAIとのチャットを見返すことができる．,AIへの印象の評価は，あまり深く考え込まずに自分が感じた印象で評価する．,8,6,6,0,2,1,4,1,2,2,7,0,0,4,2,6,3,2,0,2,1,0,0,0,0,0,0,1,0,0,0,1,男,60,,,
nszw26001_cfuRF0DvoD,ja,2026-01-27_20-02-54,2026-01-27_20-09-53,iframegid:conf/iframe/chatItoI_noname_js/index.html,同意する,理解しました,AIとのチャットの様子を視聴する．,あなた自身がユーザになったつもりでチャットの様子を視聴する,チャット画面をスクロール，またはチャット画面右側に表示されるスクロールバーをドラッグすることでAIとのチャットを見返すことができる．,AIへの印象の評価は，あまり深く考え込まずに自分が感じた印象で評価する．,2,1,4,3,4,2,5,3,4,5,5,5,5,3,3,2,5,5,5,2,1,0,0,0,0,0,0,1,0,0,0,1,男,45,特になし,,
nszw26001_0rituDSLNH,ja,2026-01-27_20-07-11,2026-01-27_20-10-11,iframegid:conf/iframe/chatItoE_noname_js/index.html,同意する,理解しました,AIとのチャットの様子を視聴する．,あなた自身がユーザになったつもりでチャットの様子を視聴する,チャット画面をスクロール，またはチャット画面右側に表示されるスクロールバーをドラッグすることでAIとのチャットを見返すことができる．,AIへの印象の評価は，あまり深く考え込まずに自分が感じた印象で評価する．,7,7,4,4,6,4,8,4,5,6,6,5,4,6,4,6,5,4,3,6,0,0,1,0,0,0,0,1,0,0,0,1,男,24,AIとのやりとりは見ていて、面白かった。,,
nszw26001_tdPXcIDF9J,ja,2026-01-27_20-02-47,2026-01-27_20-10-13,iframegid:conf/iframe/chatItoE_name_js/index.html,同意する,理解しました,AIとのチャットの様子を視聴する．,あなた自身がユーザになったつもりでチャットの様子を視聴する,チャット画面をスクロール，またはチャット画面右側に表示されるスクロールバーをドラッグすることでAIとのチャットを見返すことができる．,AIへの印象の評価は，あまり深く考え込まずに自分が感じた印象で評価する．,0,8,0,0,5,0,0,0,1,9,9,0,0,0,0,0,9,0,0,0,0,0,1,0,1,0,0,0,0,0,0,1,男,41,,,
nszw26001_IgVtaPzHsX,ja,2026-01-27_20-02-48,2026-01-27_20-10-14,iframegid:conf/iframe/chatItoE_noname_js/index.html,同意する,理解しました,AIとのチャットの様子を視聴する．,あなた自身がユーザになったつもりでチャットの様子を視聴する,チャット画面をスクロール，またはチャット画面右側に表示されるスクロールバーをドラッグすることでAIとのチャットを見返すことができる．,AIへの印象の評価は，あまり深く考え込まずに自分が感じた印象で評価する．,2,2,2,2,2,2,2,1,2,2,2,2,2,1,1,2,1,2,2,2,1,0,0,0,0,0,0,1,0,0,0,1,男,57,不思議なアンケートだった,,
nszw26001_9UtC0rKFqm,ja,2026-01-27_20-03-22,2026-01-27_20-10-28,iframegid:conf/iframe/chatItoE_name_js/index.html,同意する,理解しました,AIとのチャットの様子を視聴する．,あなた自身がユーザになったつもりでチャットの様子を視聴する,チャット画面をスクロール，またはチャット画面右側に表示されるスクロールバーをドラッグすることでAIとのチャットを見返すことができる．,AIへの印象の評価は，あまり深く考え込まずに自分が感じた印象で評価する．,4,7,1,2,3,3,5,1,0,3,7,2,1,3,2,2,1,8,1,0,0,0,1,0,1,0,0,0,0,0,0,1,男,48,AIが全然言うことを聞かないなぁと感じた,,
nszw26001_eKIWQEKk3H,ja,2026-01-27_20-02-33,2026-01-27_20-10-32,iframegid:conf/iframe/chatItoI_name_js/index.html,同意する,理解しました,AIとのチャットの様子を視聴する．,あなた自身がユーザになったつもりでチャットの様子を視聴する,チャット画面をスクロール，またはチャット画面右側に表示されるスクロールバーをドラッグすることでAIとのチャットを見返すことができる．,AIへの印象の評価は，あまり深く考え込まずに自分が感じた印象で評価する．,8,6,0,0,1,5,4,1,2,4,5,1,2,1,0,0,1,2,2,2,1,0,0,0,0,0,1,0,0,0,0,1,男,35,ないです,,
nszw26001_MZwqJTEl3a,ja,2026-01-27_20-02-53,2026-01-27_20-10-51,iframegid:conf/iframe/chatItoI_name_js/index.html,同意する,理解しました,AIとのチャットの様子を視聴する．,あなた自身がユーザになったつもりでチャットの様子を視聴する,チャット画面をスクロール，またはチャット画面右側に表示されるスクロールバーをドラッグすることでAIとのチャットを見返すことができる．,AIへの印象の評価は，あまり深く考え込まずに自分が感じた印象で評価する．,2,2,2,2,2,2,3,2,3,2,2,2,3,2,2,2,3,2,2,1,1,0,0,0,0,0,1,0,0,0,0,1,男,69,AIはどうして間違いばかり表示したのか？,,
nszw26001_241Wu7QcGx,ja,2026-01-27_20-02-37,2026-01-27_20-10-52,iframegid:conf/iframe/chatItoE_name_js/index.html,同意する,理解しました,AIとのチャットの様子を視聴する．,あなた自身がユーザになったつもりでチャットの様子を視聴する,チャット画面をスクロール，またはチャット画面右側に表示されるスクロールバーをドラッグすることでAIとのチャットを見返すことができる．,AIへの印象の評価は，あまり深く考え込まずに自分が感じた印象で評価する．,6,6,5,3,3,3,3,3,4,3,6,3,3,4,4,6,4,3,3,3,1,0,0,0,1,0,1,0,0,0,0,1,男,57,歯がゆい,,
nszw26001_wV7agCRGn6,ja,2026-01-27_20-02-35,2026-01-27_20-10-57,iframegid:conf/iframe/chatItoE_noname_js/index.html,同意する,理解しました,AIとのチャットの様子を視聴する．,あなた自身がユーザになったつもりでチャットの様子を視聴する,チャット画面をスクロール，またはチャット画面右側に表示されるスクロールバーをドラッグすることでAIとのチャットを見返すことができる．,AIへの印象の評価は，あまり深く考え込まずに自分が感じた印象で評価する．,5,5,3,2,2,5,6,1,2,4,4,1,1,2,2,3,2,5,1,4,0,0,1,0,0,0,0,1,0,0,0,1,男,54,言うことを聞かないのでイライラしました,,
nszw26001_WYVBVLwE82,ja,2026-01-27_20-02-42,2026-01-27_20-10-57,iframegid:conf/iframe/chatItoI_name_js/index.html,同意する,理解しました,AIとのチャットの様子を視聴する．,あなた自身がユーザになったつもりでチャットの様子を視聴する,チャット画面をスクロール，またはチャット画面右側に表示されるスクロールバーをドラッグすることでAIとのチャットを見返すことができる．,AIへの印象の評価は，あまり深く考え込まずに自分が感じた印象で評価する．,8,8,8,0,0,0,5,0,1,5,5,0,0,6,5,0,5,0,0,0,1,0,0,0,0,0,1,0,0,0,0,1,男,66,操作しやすかった,,
nszw26001_HOzKWV49ES,ja,2026-01-27_20-02-33,2026-01-27_20-11-00,iframegid:conf/iframe/chatItoI_name_js/index.html,同意する,理解しました,AIとのチャットの様子を視聴する．,あなた自身がユーザになったつもりでチャットの様子を視聴する,チャット画面をスクロール，またはチャット画面右側に表示されるスクロールバーをドラッグすることでAIとのチャットを見返すことができる．,AIへの印象の評価は，あまり深く考え込まずに自分が感じた印象で評価する．,8,8,10,2,6,8,8,8,7,10,9,5,8,8,8,8,8,8,4,0,1,0,0,0,0,0,1,0,0,0,0,1,男,46,AIが思うように反応してくれないことがたまにあるので”あるあるｗ”と苦笑いしながら進めました。,,
nszw26001_xoid8wPAvW,ja,2026-01-27_20-02-34,2026-01-27_20-11-00,iframegid:conf/iframe/chatItoI_noname_js/index.html,同意する,理解しました,AIとのチャットの様子を視聴する．,あなた自身がユーザになったつもりでチャットの様子を視聴する,チャット画面をスクロール，またはチャット画面右側に表示されるスクロールバーをドラッグすることでAIとのチャットを見返すことができる．,AIへの印象の評価は，あまり深く考え込まずに自分が感じた印象で評価する．,3,6,6,4,6,6,7,6,5,3,6,4,6,4,6,3,4,4,6,4,1,0,0,0,0,0,0,1,0,0,0,1,男,41,AIが上手く作業をできなくてもどかしかったです。,,
nszw26001_Ye47fhPu3p,ja,2026-01-27_20-03-32,2026-01-27_20-11-12,iframegid:conf/iframe/chatItoI_noname_js/index.html,同意する,理解しました,AIとのチャットの様子を視聴する．,あなた自身がユーザになったつもりでチャットの様子を視聴する,チャット画面をスクロール，またはチャット画面右側に表示されるスクロールバーをドラッグすることでAIとのチャットを見返すことができる．,AIへの印象の評価は，あまり深く考え込まずに自分が感じた印象で評価する．,3,4,3,3,2,2,4,2,1,3,2,2,2,3,3,3,2,3,3,4,1,0,0,0,0,0,0,1,0,0,0,1,男,35,,,
nszw26001_mD9v9AmazS,ja,2026-01-27_20-06-00,2026-01-27_20-11-17,iframegid:conf/iframe/chatItoE_name_js/index.html,同意する,理解しました,AIとのチャットの様子を視聴する．,あなた自身がユーザになったつもりでチャットの様子を視聴する,チャット画面をスクロール，またはチャット画面右側に表示されるスクロールバーをドラッグすることでAIとのチャットを見返すことができる．,AIへの印象の評価は，あまり深く考え込まずに自分が感じた印象で評価する．,2,2,1,1,2,2,6,0,1,1,5,1,1,1,1,5,1,3,0,2,1,0,0,0,1,0,1,0,0,0,0,1,男,47,,,
nszw26001_uUt2Dog4vC,ja,2026-01-27_20-05-58,2026-01-27_20-11-22,iframegid:conf/iframe/chatItoE_noname_js/index.html,同意する,理解しました,AIとのチャットの様子を視聴する．,あなた自身がユーザになったつもりでチャットの様子を視聴する,チャット画面をスクロール，またはチャット画面右側に表示されるスクロールバーをドラッグすることでAIとのチャットを見返すことができる．,AIへの印象の評価は，あまり深く考え込まずに自分が感じた印象で評価する．,3,2,0,0,0,0,0,0,1,0,7,0,0,0,0,0,0,0,0,0,1,0,0,0,0,0,0,1,0,0,0,1,男,50,なし,,
nszw26001_8a6XDhs6zg,ja,2026-01-27_20-02-30,2026-01-27_20-11-32,iframegid:conf/iframe/chatItoE_noname_js/index.html,同意する,理解しました,AIとのチャットの様子を視聴する．,あなた自身がユーザになったつもりでチャットの様子を視聴する,チャット画面をスクロール，またはチャット画面右側に表示されるスクロールバーをドラッグすることでAIとのチャットを見返すことができる．,AIへの印象の評価は，あまり深く考え込まずに自分が感じた印象で評価する．,2,1,1,0,2,2,6,1,2,0,6,2,1,0,1,0,2,4,1,1,1,0,0,0,0,0,0,1,0,0,0,1,男,45,特になし,,
nszw26001_AarrCBxO9L,ja,2026-01-27_20-02-40,2026-01-27_20-11-45,iframegid:conf/iframe/chatItoE_name_js/index.html,同意する,理解しました,AIとのチャットの様子を視聴する．,あなた自身がユーザになったつもりでチャットの様子を視聴する,チャット画面をスクロール，またはチャット画面右側に表示されるスクロールバーをドラッグすることでAIとのチャットを見返すことができる．,AIへの印象の評価は，あまり深く考え込まずに自分が感じた印象で評価する．,4,7,2,3,3,2,4,1,0,4,7,3,3,3,4,6,4,6,5,4,0,0,1,0,1,0,1,0,0,0,0,1,男,46,,,
nszw26001_bKvow9BBaB,ja,2026-01-27_20-02-46,2026-01-27_20-11-53,iframegid:conf/iframe/chatItoE_noname_js/index.html,同意する,理解しました,AIとのチャットの様子を視聴する．,あなた自身がユーザになったつもりでチャットの様子を視聴する,チャット画面をスクロール，またはチャット画面右側に表示されるスクロールバーをドラッグすることでAIとのチャットを見返すことができる．,AIへの印象の評価は，あまり深く考え込まずに自分が感じた印象で評価する．,6,6,4,2,2,6,4,0,1,1,6,2,4,5,5,4,2,5,1,3,1,0,0,0,0,0,0,1,0,0,0,1,男,48,AIが無能すぎる,,
nszw26001_IpS7AdBLqS,ja,2026-01-27_20-02-41,2026-01-27_20-11-57,iframegid:conf/iframe/chatItoI_noname_js/index.html,同意する,理解しました,AIとのチャットの様子を視聴する．,あなた自身がユーザになったつもりでチャットの様子を視聴する,チャット画面をスクロール，またはチャット画面右側に表示されるスクロールバーをドラッグすることでAIとのチャットを見返すことができる．,AIへの印象の評価は，あまり深く考え込まずに自分が感じた印象で評価する．,5,6,7,7,7,7,7,7,6,6,7,7,7,7,7,7,7,7,7,7,0,0,0,1,0,0,0,1,0,0,1,0,男,58,,,
nszw26001_BurOikem1i,ja,2026-01-27_20-03-13,2026-01-27_20-12-19,iframegid:conf/iframe/chatItoI_noname_js/index.html,同意する,理解しました,AIとのチャットの様子を視聴する．,あなた自身がユーザになったつもりでチャットの様子を視聴する,チャット画面をスクロール，またはチャット画面右側に表示されるスクロールバーをドラッグすることでAIとのチャットを見返すことができる．,AIへの印象の評価は，あまり深く考え込まずに自分が感じた印象で評価する．,4,4,5,0,2,2,1,0,1,1,2,2,2,2,1,1,2,2,0,1,1,0,0,0,0,0,0,1,0,0,0,1,男,71歳以上,興味深かった,,
nszw26001_4zHbkuPbam,ja,2026-01-27_20-02-43,2026-01-27_20-12-25,iframegid:conf/iframe/chatItoE_noname_js/index.html,同意する,理解しました,AIとのチャットの様子を視聴する．,あなた自身がユーザになったつもりでチャットの様子を視聴する,チャット画面をスクロール，またはチャット画面右側に表示されるスクロールバーをドラッグすることでAIとのチャットを見返すことができる．,AIへの印象の評価は，あまり深く考え込まずに自分が感じた印象で評価する．,7,7,2,0,3,3,5,2,3,2,7,0,1,3,2,2,2,3,1,3,0,0,1,0,0,0,0,1,0,0,0,1,男,56,特にありません。,,
nszw26001_6hT7Dgij0F,ja,2026-01-27_20-09-50,2026-01-27_20-12-25,iframegid:conf/iframe/chatItoE_name_js/index.html,同意する,理解しました,AIとのチャットの様子を視聴する．,あなた自身がユーザになったつもりでチャットの様子を視聴する,チャット画面をスクロール，またはチャット画面右側に表示されるスクロールバーをドラッグすることでAIとのチャットを見返すことができる．,AIへの印象の評価は，あまり深く考え込まずに自分が感じた印象で評価する．,5,5,5,5,5,6,4,4,5,4,4,5,5,4,5,5,5,4,4,3,0,0,0,1,1,0,1,0,0,0,1,0,男,57,特にありません。,,
nszw26001_bnpIsSMBDb,ja,2026-01-27_20-02-39,2026-01-27_20-12-38,iframegid:conf/iframe/chatItoE_name_js/index.html,同意する,理解しました,AIとのチャットの様子を視聴する．,あなた自身がユーザになったつもりでチャットの様子を視聴する,チャット画面をスクロール，またはチャット画面右側に表示されるスクロールバーをドラッグすることでAIとのチャットを見返すことができる．,AIへの印象の評価は，あまり深く考え込まずに自分が感じた印象で評価する．,8,7,6,6,5,5,5,0,1,5,10,3,0,2,0,5,1,1,0,0,1,0,0,0,1,1,1,0,0,0,1,0,男,69,ユーザーの不完全な指示とそれに応えようとするAIが面白かった,,
nszw26001_Cp1TxPv7zw,ja,2026-01-27_20-02-34,2026-01-27_20-13-06,iframegid:conf/iframe/chatItoI_name_js/index.html,同意する,理解しました,AIとのチャットの様子を視聴する．,あなた自身がユーザになったつもりでチャットの様子を視聴する,チャット画面をスクロール，またはチャット画面右側に表示されるスクロールバーをドラッグすることでAIとのチャットを見返すことができる．,AIへの印象の評価は，あまり深く考え込まずに自分が感じた印象で評価する．,5,5,4,4,4,4,5,4,5,4,4,5,6,6,5,4,5,7,4,4,1,0,0,0,0,0,1,0,0,0,0,1,男,48,AIとのチャットの様子の閲覧から次のページに進むタイミングが分かりずらかった。,,
nszw26001_4uJTE4IFXc,ja,2026-01-27_20-03-21,2026-01-27_20-13-25,iframegid:conf/iframe/chatItoI_name_js/index.html,同意する,理解しました,AIとのチャットの様子を視聴する．,あなた自身がユーザになったつもりでチャットの様子を視聴する,チャット画面をスクロール，またはチャット画面右側に表示されるスクロールバーをドラッグすることでAIとのチャットを見返すことができる．,AIへの印象の評価は，あまり深く考え込まずに自分が感じた印象で評価する．,6,6,3,1,3,3,5,1,2,4,6,2,2,4,4,5,3,5,2,3,1,0,0,0,0,0,1,0,0,0,0,1,男,50,,,
nszw26001_kF6UQSuQkd,ja,2026-01-27_20-02-36,2026-01-27_20-13-31,iframegid:conf/iframe/chatItoE_noname_js/index.html,同意する,理解しました,AIとのチャットの様子を視聴する．,あなた自身がユーザになったつもりでチャットの様子を視聴する,チャット画面をスクロール，またはチャット画面右側に表示されるスクロールバーをドラッグすることでAIとのチャットを見返すことができる．,AIへの印象の評価は，あまり深く考え込まずに自分が感じた印象で評価する．,7,6,2,0,0,2,0,0,1,0,3,0,0,2,2,0,0,3,0,3,0,0,0,1,0,0,0,1,0,0,0,1,男,57,すべてにＡＩが課題をできるとは思えない,,
nszw26001_UNVnl963dL,ja,2026-01-27_20-02-38,2026-01-27_20-13-33,iframegid:conf/iframe/chatItoE_noname_js/index.html,同意する,理解しました,AIとのチャットの様子を視聴する．,あなた自身がユーザになったつもりでチャットの様子を視聴する,チャット画面をスクロール，またはチャット画面右側に表示されるスクロールバーをドラッグすることでAIとのチャットを見返すことができる．,AIへの印象の評価は，あまり深く考え込まずに自分が感じた印象で評価する．,8,8,7,3,4,4,9,0,1,5,10,2,6,2,7,3,7,6,1,2,0,0,1,0,0,0,0,1,0,0,0,1,男,56,興味深い実験でした,,
nszw26001_4b3h4M0IV5,ja,2026-01-27_20-02-34,2026-01-27_20-13-40,iframegid:conf/iframe/chatItoI_name_js/index.html,同意する,理解しました,AIとのチャットの様子を視聴する．,あなた自身がユーザになったつもりでチャットの様子を視聴する,チャット画面をスクロール，またはチャット画面右側に表示されるスクロールバーをドラッグすることでAIとのチャットを見返すことができる．,AIへの印象の評価は，あまり深く考え込まずに自分が感じた印象で評価する．,2,2,1,0,2,5,2,0,1,1,6,1,3,7,6,6,5,4,0,0,1,0,0,0,0,0,1,0,0,0,0,1,男,54,こんなAIばかりではないと思う。,,
nszw26001_1tsXEUeACp,ja,2026-01-27_20-02-42,2026-01-27_20-13-43,iframegid:conf/iframe/chatItoE_name_js/index.html,同意する,理解しました,AIとのチャットの様子を視聴する．,あなた自身がユーザになったつもりでチャットの様子を視聴する,チャット画面をスクロール，またはチャット画面右側に表示されるスクロールバーをドラッグすることでAIとのチャットを見返すことができる．,AIへの印象の評価は，あまり深く考え込まずに自分が感じた印象で評価する．,8,8,8,3,7,8,7,1,2,8,8,5,7,7,6,5,6,7,3,4,0,0,1,0,1,0,1,0,0,0,0,1,男,48,記入漏れの有無は自動チェックにしてほしい,,
nszw26001_7kTdVVyUKP,ja,2026-01-27_20-02-37,2026-01-27_20-14-02,iframegid:conf/iframe/chatItoE_name_js/index.html,同意する,理解しました,AIとのチャットの様子を視聴する．,あなた自身がユーザになったつもりでチャットの様子を視聴する,チャット画面をスクロール，またはチャット画面右側に表示されるスクロールバーをドラッグすることでAIとのチャットを見返すことができる．,AIへの印象の評価は，あまり深く考え込まずに自分が感じた印象で評価する．,4,6,4,3,4,3,6,6,5,7,6,3,5,6,3,6,7,5,7,6,0,0,1,0,0,0,0,1,0,0,0,1,男,71歳以上,このAIには愛嬌が感じられる。,,
nszw26001_zdT3UJk1Tr,ja,2026-01-27_20-02-32,2026-01-27_20-14-12,iframegid:conf/iframe/chatItoI_noname_js/index.html,同意する,理解しました,AIとのチャットの様子を視聴する．,あなた自身がユーザになったつもりでチャットの様子を視聴する,チャット画面をスクロール，またはチャット画面右側に表示されるスクロールバーをドラッグすることでAIとのチャットを見返すことができる．,AIへの印象の評価は，あまり深く考え込まずに自分が感じた印象で評価する．,0,2,0,0,0,0,1,0,1,1,1,0,0,1,0,0,1,0,0,1,0,1,0,0,0,0,0,1,1,0,0,0,男,64,AIの挙動が未熟だと思いました。,,
nszw26001_TOPRFdtOo6,ja,2026-01-27_20-03-19,2026-01-27_20-14-14,iframegid:conf/iframe/chatItoE_noname_js/index.html,同意する,理解しました,AIとのチャットの様子を視聴する．,あなた自身がユーザになったつもりでチャットの様子を視聴する,チャット画面をスクロール，またはチャット画面右側に表示されるスクロールバーをドラッグすることでAIとのチャットを見返すことができる．,AIへの印象の評価は，あまり深く考え込まずに自分が感じた印象で評価する．,7,7,0,0,0,5,7,0,1,5,5,0,0,0,0,5,0,5,0,3,1,0,0,0,0,0,0,1,0,0,0,1,男,45,少し難しかったです。,,
nszw26001_FWUi0V16DQ,ja,2026-01-27_20-02-48,2026-01-27_20-14-30,iframegid:conf/iframe/chatItoI_noname_js/index.html,同意する,理解しました,AIとのチャットの様子を視聴する．,あなた自身がユーザになったつもりでチャットの様子を視聴する,チャット画面をスクロール，またはチャット画面右側に表示されるスクロールバーをドラッグすることでAIとのチャットを見返すことができる．,AIへの印象の評価は，あまり深く考え込まずに自分が感じた印象で評価する．,6,6,5,5,5,4,6,6,5,7,7,5,6,6,6,6,6,5,6,7,0,0,0,1,0,0,0,1,0,0,0,1,男,57,興味深い,,
nszw26001_96eu4tfdp1,ja,2026-01-27_20-02-38,2026-01-27_20-14-43,iframegid:conf/iframe/chatItoE_name_js/index.html,同意する,理解しました,AIとのチャットの様子を視聴する．,あなた自身がユーザになったつもりでチャットの様子を視聴する,チャット画面をスクロール，またはチャット画面右側に表示されるスクロールバーをドラッグすることでAIとのチャットを見返すことができる．,AIへの印象の評価は，あまり深く考え込まずに自分が感じた印象で評価する．,8,7,8,8,8,7,6,6,7,7,6,7,9,5,7,6,7,9,6,3,1,0,0,0,1,0,1,0,0,0,0,1,男,49,AIを人間のような存在として感じました。ゆえにミスしても悪い感情は出ませんでした。,,
nszw26001_Qt3NlBrcM8,ja,2026-01-27_20-02-43,2026-01-27_20-14-56,iframegid:conf/iframe/chatItoE_noname_js/index.html,同意する,理解しました,AIとのチャットの様子を視聴する．,あなた自身がユーザになったつもりでチャットの様子を視聴する,チャット画面をスクロール，またはチャット画面右側に表示されるスクロールバーをドラッグすることでAIとのチャットを見返すことができる．,AIへの印象の評価は，あまり深く考え込まずに自分が感じた印象で評価する．,7,8,3,2,3,3,8,3,4,6,8,3,4,3,2,3,3,6,3,7,0,0,1,0,0,0,0,1,0,0,0,1,男,47,まだ不完全だが生成AI技術は大きく進歩しているように感じた,,
nszw26001_rXCdpWlZxa,ja,2026-01-27_20-09-12,2026-01-27_20-15-01,iframegid:conf/iframe/chatItoI_name_js/index.html,同意する,理解しました,AIとのチャットの様子を視聴する．,あなた自身がユーザになったつもりでチャットの様子を視聴する,チャット画面をスクロール，またはチャット画面右側に表示されるスクロールバーをドラッグすることでAIとのチャットを見返すことができる．,AIへの印象の評価は，あまり深く考え込まずに自分が感じた印象で評価する．,5,5,5,5,5,5,5,5,6,5,5,6,5,6,5,6,6,7,5,6,1,0,0,0,0,0,1,0,0,0,0,1,男,54,なし,,
nszw26001_etD2lZPfJJ,ja,2026-01-27_20-02-42,2026-01-27_20-16-00,iframegid:conf/iframe/chatItoE_noname_js/index.html,同意する,理解しました,AIとのチャットの様子を視聴する．,あなた自身がユーザになったつもりでチャットの様子を視聴する,チャット画面をスクロール，またはチャット画面右側に表示されるスクロールバーをドラッグすることでAIとのチャットを見返すことができる．,AIへの印象の評価は，あまり深く考え込まずに自分が感じた印象で評価する．,6,6,6,5,6,6,6,6,5,6,6,6,6,6,7,6,6,7,7,7,0,0,0,1,0,0,0,1,0,0,1,0,男,70,面白かった,,
nszw26001_hnqdpq5uDX,ja,2026-01-27_20-02-40,2026-01-27_20-16-21,iframegid:conf/iframe/chatItoI_noname_js/index.html,同意する,理解しました,AIとのチャットの様子を視聴する．,あなた自身がユーザになったつもりでチャットの様子を視聴する,チャット画面をスクロール，またはチャット画面右側に表示されるスクロールバーをドラッグすることでAIとのチャットを見返すことができる．,AIへの印象の評価は，あまり深く考え込まずに自分が感じた印象で評価する．,5,4,4,1,5,5,2,0,1,1,5,5,4,7,7,3,5,5,1,0,1,0,0,0,0,0,0,1,0,0,0,1,答えたくない,56,あてにならないAIでもここまでだめなのはなさそう。,,
nszw26001_4ZRB84Gf4L,ja,2026-01-27_20-09-40,2026-01-27_20-17-28,iframegid:conf/iframe/chatItoI_name_js/index.html,同意する,理解しました,AIとのチャットの様子を視聴する．,あなた自身がユーザになったつもりでチャットの様子を視聴する,チャット画面をスクロール，またはチャット画面右側に表示されるスクロールバーをドラッグすることでAIとのチャットを見返すことができる．,AIへの印象の評価は，あまり深く考え込まずに自分が感じた印象で評価する．,6,5,3,1,2,2,7,0,1,2,6,0,0,3,0,6,0,1,0,0,1,0,0,0,0,0,1,0,0,0,0,1,答えたくない,45,,,
nszw26001_wmr7BbTroj,ja,2026-01-27_20-09-37,2026-01-27_20-17-37,iframegid:conf/iframe/chatItoI_noname_js/index.html,同意する,理解しました,AIとのチャットの様子を視聴する．,あなた自身がユーザになったつもりでチャットの様子を視聴する,チャット画面をスクロール，またはチャット画面右側に表示されるスクロールバーをドラッグすることでAIとのチャットを見返すことができる．,AIへの印象の評価は，あまり深く考え込まずに自分が感じた印象で評価する．,6,6,6,3,3,4,5,3,4,4,4,4,4,4,5,5,4,5,4,5,0,0,0,1,0,0,0,1,0,0,0,1,男,46,特にありません<br>,,
nszw26001_Fpx9UKDnL8,ja,2026-01-27_20-02-44,2026-01-27_20-17-58,iframegid:conf/iframe/chatItoI_name_js/index.html,同意する,理解しました,AIとのチャットの様子を視聴する．,あなた自身がユーザになったつもりでチャットの様子を視聴する,チャット画面をスクロール，またはチャット画面右側に表示されるスクロールバーをドラッグすることでAIとのチャットを見返すことができる．,AIへの印象の評価は，あまり深く考え込まずに自分が感じた印象で評価する．,2,2,1,1,1,1,8,2,3,7,8,2,2,4,7,4,1,1,1,3,1,0,0,0,1,0,0,0,0,0,0,1,男,52,そもそもミスディレクションのような質問取り入れる調査はフェアではないでしょ？正直名前よりもトランプカードのやり取りばかり集中していて、このような確認質問問われてきちんと調査を行ったかの判断されるのもユーザー側も困惑するし、これで落選だったらたまったのものではない。タスク時間も短く設定しているなど心理的に焦るし、このタスク調査は意地悪すぎるのではないか？,,
nszw26001_2hoooqlADY,ja,2026-01-27_20-08-43,2026-01-27_20-18-00,iframegid:conf/iframe/chatItoE_name_js/index.html,同意する,理解しました,AIとのチャットの様子を視聴する．,あなた自身がユーザになったつもりでチャットの様子を視聴する,チャット画面をスクロール，またはチャット画面右側に表示されるスクロールバーをドラッグすることでAIとのチャットを見返すことができる．,AIへの印象の評価は，あまり深く考え込まずに自分が感じた印象で評価する．,6,7,3,1,2,2,6,0,1,3,6,2,2,2,1,1,4,7,3,6,0,0,1,0,1,0,1,0,0,0,0,1,男,54,意図的にAIの能力が低く設定されていると感じました。実際はもっと正確に画像を描写してくれると感じています。,,
nszw26001_Lvj5Ftz5vp,ja,2026-01-27_20-16-47,2026-01-27_20-20-15,iframegid:conf/iframe/chatItoI_noname_js/index.html,同意する,理解しました,AIとのチャットの様子を視聴する．,あなた自身がユーザになったつもりでチャットの様子を視聴する,チャット画面をスクロール，またはチャット画面右側に表示されるスクロールバーをドラッグすることでAIとのチャットを見返すことができる．,AIへの印象の評価は，あまり深く考え込まずに自分が感じた印象で評価する．,10,10,10,10,8,8,8,8,7,8,8,7,8,8,10,8,8,8,8,8,0,1,0,0,1,0,0,0,0,1,0,0,男,58,,,
nszw26001_WpCWQxazcF,ja,2026-01-27_20-02-35,2026-01-27_20-21-01,iframegid:conf/iframe/chatItoI_name_js/index.html,同意する,理解しました,AIとのチャットの様子を視聴する．,あなた自身がユーザになったつもりでチャットの様子を視聴する,チャット画面をスクロール，またはチャット画面右側に表示されるスクロールバーをドラッグすることでAIとのチャットを見返すことができる．,AIへの印象の評価は，あまり深く考え込まずに自分が感じた印象で評価する．,4,3,7,1,4,4,4,1,2,6,7,3,6,3,3,3,6,4,1,1,1,0,0,0,0,0,1,0,0,0,0,1,男,60,特にない,,
nszw26001_LUTzDfK8xS,ja,2026-01-27_20-02-49,2026-01-27_20-22-57,iframegid:conf/iframe/chatItoE_noname_js/index.html,同意する,理解しました,AIとのチャットの様子を視聴する．,あなた自身がユーザになったつもりでチャットの様子を視聴する,チャット画面をスクロール，またはチャット画面右側に表示されるスクロールバーをドラッグすることでAIとのチャットを見返すことができる．,AIへの印象の評価は，あまり深く考え込まずに自分が感じた印象で評価する．,6,5,5,3,6,6,7,6,7,5,6,4,6,3,4,5,6,6,5,3,0,0,0,1,1,0,0,1,0,0,0,1,男,71歳以上,すいません記憶が少しありませんでした,,
nszw26001_kh8FKkED8a,ja,2026-01-27_20-23-05,2026-01-27_20-27-58,iframegid:conf/iframe/chatItoI_name_js/index.html,同意する,理解しました,AIとのチャットの様子を視聴する．,あなた自身がユーザになったつもりでチャットの様子を視聴する,チャット画面をスクロール，またはチャット画面右側に表示されるスクロールバーをドラッグすることでAIとのチャットを見返すことができる．,AIへの印象の評価は，あまり深く考え込まずに自分が感じた印象で評価する．,1,1,0,0,1,0,1,0,1,2,1,0,0,1,1,1,0,1,0,2,1,0,0,0,0,0,1,0,0,0,0,1,男,30,今後のAIが進化を遂げるのか,,
nszw26001_FbzlHqnjmo,ja,2026-01-27_20-21-08,2026-01-27_20-34-44,iframegid:conf/iframe/chatItoE_noname_js/index.html,同意する,理解しました,AIとのチャットの様子を視聴する．,あなた自身がユーザになったつもりでチャットの様子を視聴する,チャット画面をスクロール，またはチャット画面右側に表示されるスクロールバーをドラッグすることでAIとのチャットを見返すことができる．,AIへの印象の評価は，あまり深く考え込まずに自分が感じた印象で評価する．,4,6,8,3,4,3,3,2,3,3,3,2,3,2,4,2,2,3,2,1,0,0,1,0,0,0,0,1,0,0,0,1,男,65,AIがこちらの要求と異なる結果を提示するケースにおいて抱く意識を改めて再認識するよい機会となりました。,,
nszw26001_20hbyFXOff,ja,2026-01-27_20-37-11,2026-01-27_20-44-05,iframegid:conf/iframe/chatItoI_noname_js/index.html,同意する,理解しました,AIとのチャットの様子を視聴する．,あなた自身がユーザになったつもりでチャットの様子を視聴する,チャット画面をスクロール，またはチャット画面右側に表示されるスクロールバーをドラッグすることでAIとのチャットを見返すことができる．,AIへの印象の評価は，あまり深く考え込まずに自分が感じた印象で評価する．,8,8,2,0,6,6,7,1,2,9,8,2,7,8,1,2,8,7,1,3,1,0,0,0,0,0,1,0,0,0,0,1,男,54,こんなAIは困ります,,
nszw26001_xLdE4ppFg6,ja,2026-01-27_23-01-21,2026-01-27_23-03-33,iframegid:conf/iframe/chatItoE_name_js/index.html,同意する,理解しました,AIとのチャットの様子を視聴する．,あなた自身がユーザになったつもりでチャットの様子を視聴する,チャット画面をスクロール，またはチャット画面右側に表示されるスクロールバーをドラッグすることでAIとのチャットを見返すことができる．,AIへの印象の評価は，あまり深く考え込まずに自分が感じた印象で評価する．,5,5,5,5,5,5,5,5,4,5,5,5,5,5,5,5,5,5,5,5,1,0,0,0,0,1,0,0,0,1,0,0,女,29,,,
nszw26001_L8BHidL09f,ja,2026-01-27_23-01-37,2026-01-27_23-04-12,iframegid:conf/iframe/chatItoI_name_js/index.html,同意する,理解しました,AIとのチャットの様子を視聴する．,あなた自身がユーザになったつもりでチャットの様子を視聴する,チャット画面をスクロール，またはチャット画面右側に表示されるスクロールバーをドラッグすることでAIとのチャットを見返すことができる．,AIへの印象の評価は，あまり深く考え込まずに自分が感じた印象で評価する．,5,5,5,5,5,5,5,5,4,5,5,5,5,5,5,5,5,5,5,5,1,0,0,0,0,0,1,0,0,0,0,1,女,34,,,
nszw26001_ljjE8t7QRq,ja,2026-01-27_23-00-59,2026-01-27_23-04-54,iframegid:conf/iframe/chatItoE_noname_js/index.html,同意する,理解しました,AIとのチャットの様子を視聴する．,あなた自身がユーザになったつもりでチャットの様子を視聴する,チャット画面をスクロール，またはチャット画面右側に表示されるスクロールバーをドラッグすることでAIとのチャットを見返すことができる．,AIへの印象の評価は，あまり深く考え込まずに自分が感じた印象で評価する．,9,9,7,6,6,6,6,6,7,7,7,6,6,6,7,7,6,6,7,8,0,1,0,0,0,0,1,0,1,0,0,0,女,71歳以上,今後とも宜しくお願い致します。,,
nszw26001_E5W5ZyWZiT,ja,2026-01-27_23-02-16,2026-01-27_23-05-25,iframegid:conf/iframe/chatItoI_noname_js/index.html,同意する,理解しました,AIとのチャットの様子を視聴する．,あなた自身がユーザになったつもりでチャットの様子を視聴する,チャット画面をスクロール，またはチャット画面右側に表示されるスクロールバーをドラッグすることでAIとのチャットを見返すことができる．,AIへの印象の評価は，あまり深く考え込まずに自分が感じた印象で評価する．,8,7,7,8,6,7,7,8,9,8,8,8,8,7,8,8,8,7,7,8,0,1,0,0,1,0,0,0,0,0,0,1,女,36,,,
nszw26001_hBd7eUTPoZ,ja,2026-01-27_23-01-09,2026-01-27_23-06-35,iframegid:conf/iframe/chatItoI_noname_js/index.html,同意する,理解しました,AIとのチャットの様子を視聴する．,あなた自身がユーザになったつもりでチャットの様子を視聴する,チャット画面をスクロール，またはチャット画面右側に表示されるスクロールバーをドラッグすることでAIとのチャットを見返すことができる．,AIへの印象の評価は，あまり深く考え込まずに自分が感じた印象で評価する．,7,7,5,4,6,6,0,2,3,6,7,0,3,5,2,0,6,7,0,0,1,0,0,0,0,0,0,1,0,0,0,1,女,66,特にありません,,
nszw26001_W2wFf7lFPo,ja,2026-01-27_23-03-09,2026-01-27_23-06-39,iframegid:conf/iframe/chatItoE_name_js/index.html,同意する,理解しました,AIとのチャットの様子を視聴する．,あなた自身がユーザになったつもりでチャットの様子を視聴する,チャット画面をスクロール，またはチャット画面右側に表示されるスクロールバーをドラッグすることでAIとのチャットを見返すことができる．,AIへの印象の評価は，あまり深く考え込まずに自分が感じた印象で評価する．,7,8,5,3,5,5,4,3,2,4,6,4,5,5,5,5,3,4,2,4,0,0,0,1,1,0,1,0,0,0,1,0,女,38,AIのアンケートでしたが今回はやりやすかったです。,,
nszw26001_KWPfKUYno8,ja,2026-01-27_23-02-40,2026-01-27_23-06-46,iframegid:conf/iframe/chatItoI_name_js/index.html,同意する,理解しました,AIとのチャットの様子を視聴する．,あなた自身がユーザになったつもりでチャットの様子を視聴する,チャット画面をスクロール，またはチャット画面右側に表示されるスクロールバーをドラッグすることでAIとのチャットを見返すことができる．,AIへの印象の評価は，あまり深く考え込まずに自分が感じた印象で評価する．,3,3,5,5,5,5,5,0,1,5,5,5,7,5,7,5,5,5,3,0,1,0,0,0,0,0,1,0,0,0,0,1,女,39,,,
nszw26001_v738zI6FYG,ja,2026-01-27_23-01-08,2026-01-27_23-06-59,iframegid:conf/iframe/chatItoI_name_js/index.html,同意する,理解しました,AIとのチャットの様子を視聴する．,あなた自身がユーザになったつもりでチャットの様子を視聴する,チャット画面をスクロール，またはチャット画面右側に表示されるスクロールバーをドラッグすることでAIとのチャットを見返すことができる．,AIへの印象の評価は，あまり深く考え込まずに自分が感じた印象で評価する．,7,7,2,2,3,3,2,0,1,0,2,0,0,0,0,0,0,0,0,0,1,0,0,0,0,0,1,0,0,0,0,1,女,29,なし,,
nszw26001_nzuCSfhSmL,ja,2026-01-27_23-01-10,2026-01-27_23-07-06,iframegid:conf/iframe/chatItoE_noname_js/index.html,同意する,理解しました,AIとのチャットの様子を視聴する．,あなた自身がユーザになったつもりでチャットの様子を視聴する,チャット画面をスクロール，またはチャット画面右側に表示されるスクロールバーをドラッグすることでAIとのチャットを見返すことができる．,AIへの印象の評価は，あまり深く考え込まずに自分が感じた印象で評価する．,5,5,3,3,3,3,4,3,2,5,5,4,5,5,4,4,5,5,3,3,0,0,1,0,0,0,0,1,0,0,0,1,女,55,分かりやすい内容だった,,
nszw26001_LFiUg1xJC7,ja,2026-01-27_23-01-29,2026-01-27_23-07-37,iframegid:conf/iframe/chatItoE_name_js/index.html,同意する,理解しました,AIとのチャットの様子を視聴する．,あなた自身がユーザになったつもりでチャットの様子を視聴する,チャット画面をスクロール，またはチャット画面右側に表示されるスクロールバーをドラッグすることでAIとのチャットを見返すことができる．,AIへの印象の評価は，あまり深く考え込まずに自分が感じた印象で評価する．,5,5,3,3,5,5,5,3,4,3,5,3,5,4,5,3,3,3,3,3,0,0,1,0,1,0,1,0,0,0,0,1,女,51,,,
nszw26001_xDjMbsG2q7,ja,2026-01-27_23-01-08,2026-01-27_23-08-04,iframegid:conf/iframe/chatItoE_noname_js/index.html,同意する,理解しました,AIとのチャットの様子を視聴する．,あなた自身がユーザになったつもりでチャットの様子を視聴する,チャット画面をスクロール，またはチャット画面右側に表示されるスクロールバーをドラッグすることでAIとのチャットを見返すことができる．,AIへの印象の評価は，あまり深く考え込まずに自分が感じた印象で評価する．,6,6,6,0,2,3,6,0,1,2,3,0,2,1,0,0,0,0,0,0,0,0,1,0,0,0,0,1,0,0,0,1,女,47,特になし,,
nszw26001_f0ggCDxlde,ja,2026-01-27_23-00-57,2026-01-27_23-08-07,iframegid:conf/iframe/chatItoE_noname_js/index.html,同意する,理解しました,AIとのチャットの様子を視聴する．,あなた自身がユーザになったつもりでチャットの様子を視聴する,チャット画面をスクロール，またはチャット画面右側に表示されるスクロールバーをドラッグすることでAIとのチャットを見返すことができる．,AIへの印象の評価は，あまり深く考え込まずに自分が感じた印象で評価する．,7,7,6,5,5,6,6,5,6,6,6,5,7,5,6,5,5,5,4,4,0,0,1,0,0,0,0,1,0,0,0,1,女,40,,,
nszw26001_XFGAvj34Yf,ja,2026-01-27_23-01-06,2026-01-27_23-08-33,iframegid:conf/iframe/chatItoE_name_js/index.html,同意する,理解しました,AIとのチャットの様子を視聴する．,あなた自身がユーザになったつもりでチャットの様子を視聴する,チャット画面をスクロール，またはチャット画面右側に表示されるスクロールバーをドラッグすることでAIとのチャットを見返すことができる．,AIへの印象の評価は，あまり深く考え込まずに自分が感じた印象で評価する．,6,6,1,1,1,1,7,0,1,3,4,1,1,3,2,6,3,2,0,1,0,0,1,0,1,0,1,0,0,0,0,1,女,44,画像生成は難しそう,,
nszw26001_McNHh4hm19,ja,2026-01-27_23-01-08,2026-01-27_23-08-35,iframegid:conf/iframe/chatItoI_name_js/index.html,同意する,理解しました,AIとのチャットの様子を視聴する．,あなた自身がユーザになったつもりでチャットの様子を視聴する,チャット画面をスクロール，またはチャット画面右側に表示されるスクロールバーをドラッグすることでAIとのチャットを見返すことができる．,AIへの印象の評価は，あまり深く考え込まずに自分が感じた印象で評価する．,7,7,4,4,5,5,4,3,4,6,3,3,4,8,6,2,7,6,3,5,1,0,0,0,0,0,1,0,0,0,0,1,女,49,指示を理解しているようにみえるのに、実際にはできていないので途中からどうしてなんだろうと心配だった。,,
nszw26001_qY6MseUw4C,ja,2026-01-27_23-04-26,2026-01-27_23-08-38,iframegid:conf/iframe/chatItoI_name_js/index.html,同意する,理解しました,AIとのチャットの様子を視聴する．,あなた自身がユーザになったつもりでチャットの様子を視聴する,チャット画面をスクロール，またはチャット画面右側に表示されるスクロールバーをドラッグすることでAIとのチャットを見返すことができる．,AIへの印象の評価は，あまり深く考え込まずに自分が感じた印象で評価する．,4,2,2,1,1,2,3,0,1,2,3,1,1,1,1,0,1,1,1,2,1,0,0,0,0,0,1,0,0,0,0,1,女,35,,,
nszw26001_F3Kj8AyRkM,ja,2026-01-27_23-02-03,2026-01-27_23-08-51,iframegid:conf/iframe/chatItoI_name_js/index.html,同意する,理解しました,AIとのチャットの様子を視聴する．,あなた自身がユーザになったつもりでチャットの様子を視聴する,チャット画面をスクロール，またはチャット画面右側に表示されるスクロールバーをドラッグすることでAIとのチャットを見返すことができる．,AIへの印象の評価は，あまり深く考え込まずに自分が感じた印象で評価する．,3,2,4,2,3,5,3,1,2,6,6,2,4,2,6,3,4,6,2,2,1,0,0,0,0,0,1,0,0,0,0,1,女,71歳以上,AIが思いがけないミスをするのは興味深いです,,
nszw26001_W4sGYjaLcp,ja,2026-01-27_23-04-32,2026-01-27_23-08-47,iframegid:conf/iframe/chatItoE_noname_js/index.html,同意する,理解しました,AIとのチャットの様子を視聴する．,あなた自身がユーザになったつもりでチャットの様子を視聴する,チャット画面をスクロール，またはチャット画面右側に表示されるスクロールバーをドラッグすることでAIとのチャットを見返すことができる．,AIへの印象の評価は，あまり深く考え込まずに自分が感じた印象で評価する．,1,1,0,0,1,1,1,0,1,1,1,1,1,1,1,1,1,2,0,1,1,0,0,0,0,0,0,1,0,0,0,1,その他,31,AIは微妙,,
nszw26001_F8NqFg4YQo,ja,2026-01-27_23-03-19,2026-01-27_23-09-07,iframegid:conf/iframe/chatItoI_name_js/index.html,同意する,理解しました,AIとのチャットの様子を視聴する．,あなた自身がユーザになったつもりでチャットの様子を視聴する,チャット画面をスクロール，またはチャット画面右側に表示されるスクロールバーをドラッグすることでAIとのチャットを見返すことができる．,AIへの印象の評価は，あまり深く考え込まずに自分が感じた印象で評価する．,7,3,2,0,4,4,4,3,4,3,3,2,4,5,5,3,2,4,1,2,1,0,0,0,0,0,1,0,0,0,0,1,女,50,AIは当てにならない,,
nszw26001_n1CbXqkmke,ja,2026-01-27_23-01-05,2026-01-27_23-09-30,iframegid:conf/iframe/chatItoI_noname_js/index.html,同意する,理解しました,AIとのチャットの様子を視聴する．,あなた自身がユーザになったつもりでチャットの様子を視聴する,チャット画面をスクロール，またはチャット画面右側に表示されるスクロールバーをドラッグすることでAIとのチャットを見返すことができる．,AIへの印象の評価は，あまり深く考え込まずに自分が感じた印象で評価する．,6,6,5,3,5,4,3,3,4,5,6,5,6,6,5,3,5,6,4,2,1,0,0,0,0,0,0,1,0,0,0,1,女,56,お疲れ様です,,
nszw26001_8HqKo3RRfp,ja,2026-01-27_23-01-18,2026-01-27_23-09-39,iframegid:conf/iframe/chatItoI_noname_js/index.html,同意する,理解しました,AIとのチャットの様子を視聴する．,あなた自身がユーザになったつもりでチャットの様子を視聴する,チャット画面をスクロール，またはチャット画面右側に表示されるスクロールバーをドラッグすることでAIとのチャットを見返すことができる．,AIへの印象の評価は，あまり深く考え込まずに自分が感じた印象で評価する．,3,1,1,1,2,2,5,1,2,1,5,1,1,1,5,2,2,2,0,1,1,0,0,0,0,0,0,1,0,0,0,1,女,51,たまに企業に問合せをする際、AIのチャットでやりとりを即されるが、その時の素っ頓狂な回答に延々付き合わされるイライラを思い出しました,,
nszw26001_TTTw7o3mRJ,ja,2026-01-27_23-01-02,2026-01-27_23-09-51,iframegid:conf/iframe/chatItoI_name_js/index.html,同意する,理解しました,AIとのチャットの様子を視聴する．,あなた自身がユーザになったつもりでチャットの様子を視聴する,チャット画面をスクロール，またはチャット画面右側に表示されるスクロールバーをドラッグすることでAIとのチャットを見返すことができる．,AIへの印象の評価は，あまり深く考え込まずに自分が感じた印象で評価する．,3,3,2,2,4,4,5,5,4,4,3,5,5,4,4,3,3,3,4,3,1,0,0,0,0,0,1,0,0,0,0,1,女,54,難しい,,
nszw26001_e6wlvPylbg,ja,2026-01-27_23-01-30,2026-01-27_23-10-04,iframegid:conf/iframe/chatItoE_noname_js/index.html,同意する,理解しました,AIとのチャットの様子を視聴する．,あなた自身がユーザになったつもりでチャットの様子を視聴する,チャット画面をスクロール，またはチャット画面右側に表示されるスクロールバーをドラッグすることでAIとのチャットを見返すことができる．,AIへの印象の評価は，あまり深く考え込まずに自分が感じた印象で評価する．,3,5,3,1,3,4,4,1,2,2,2,2,2,3,3,3,3,3,2,2,0,0,1,0,0,0,0,1,0,0,0,1,女,27,わかりづらい,,
nszw26001_4STxkOcLo6,ja,2026-01-27_23-07-46,2026-01-27_23-10-27,iframegid:conf/iframe/chatItoE_name_js/index.html,同意する,理解しました,AIとのチャットの様子を視聴する．,あなた自身がユーザになったつもりでチャットの様子を視聴する,チャット画面をスクロール，またはチャット画面右側に表示されるスクロールバーをドラッグすることでAIとのチャットを見返すことができる．,AIへの印象の評価は，あまり深く考え込まずに自分が感じた印象で評価する．,4,4,2,0,3,1,8,1,2,2,2,2,2,3,4,4,3,4,2,4,0,0,1,0,1,0,1,0,0,0,0,1,女,26,,,
nszw26001_64EQKEClu9,ja,2026-01-27_23-03-38,2026-01-27_23-10-40,iframegid:conf/iframe/chatItoE_name_js/index.html,同意する,理解しました,AIとのチャットの様子を視聴する．,あなた自身がユーザになったつもりでチャットの様子を視聴する,チャット画面をスクロール，またはチャット画面右側に表示されるスクロールバーをドラッグすることでAIとのチャットを見返すことができる．,AIへの印象の評価は，あまり深く考え込まずに自分が感じた印象で評価する．,4,3,2,1,3,2,6,1,0,1,1,1,1,1,2,1,1,2,1,2,0,0,1,0,1,0,1,1,0,0,0,1,女,43,指示が伝わらず、他の言葉で指示した方が良いとか、悶々としながら見ていました,,
nszw26001_F5V49odTmp,ja,2026-01-27_23-03-55,2026-01-27_23-10-49,iframegid:conf/iframe/chatItoE_name_js/index.html,同意する,理解しました,AIとのチャットの様子を視聴する．,あなた自身がユーザになったつもりでチャットの様子を視聴する,チャット画面をスクロール，またはチャット画面右側に表示されるスクロールバーをドラッグすることでAIとのチャットを見返すことができる．,AIへの印象の評価は，あまり深く考え込まずに自分が感じた印象で評価する．,5,5,2,0,3,2,6,1,2,1,3,0,1,3,0,2,2,1,0,3,0,0,1,0,1,0,1,0,0,0,0,1,女,51,時間が短いのでタスク中にそわそわしてしまいます,,
nszw26001_Zkeq7AJZu1,ja,2026-01-27_23-02-43,2026-01-27_23-10-54,iframegid:conf/iframe/chatItoI_name_js/index.html,同意する,理解しました,AIとのチャットの様子を視聴する．,あなた自身がユーザになったつもりでチャットの様子を視聴する,チャット画面をスクロール，またはチャット画面右側に表示されるスクロールバーをドラッグすることでAIとのチャットを見返すことができる．,AIへの印象の評価は，あまり深く考え込まずに自分が感じた印象で評価する．,3,1,1,1,2,2,6,2,3,4,8,2,2,3,1,4,3,5,1,1,1,0,0,0,0,0,1,0,0,0,0,1,女,46,このAIはちょっと無能すぎるが、操作する側ももうちょっと指示を工夫してみる必要があったと思う,,
nszw26001_5mqYleOFrC,ja,2026-01-27_23-03-49,2026-01-27_23-11-03,iframegid:conf/iframe/chatItoI_noname_js/index.html,同意する,理解しました,AIとのチャットの様子を視聴する．,あなた自身がユーザになったつもりでチャットの様子を視聴する,チャット画面をスクロール，またはチャット画面右側に表示されるスクロールバーをドラッグすることでAIとのチャットを見返すことができる．,AIへの印象の評価は，あまり深く考え込まずに自分が感じた印象で評価する．,6,6,4,3,3,5,6,1,2,5,5,3,3,5,3,3,5,6,2,5,1,0,0,0,0,0,0,1,0,0,1,0,女,50,おもしろい,,
nszw26001_ZND7GrmQmu,ja,2026-01-27_23-01-56,2026-01-27_23-11-10,iframegid:conf/iframe/chatItoE_name_js/index.html,同意する,理解しました,AIとのチャットの様子を視聴する．,あなた自身がユーザになったつもりでチャットの様子を視聴する,チャット画面をスクロール，またはチャット画面右側に表示されるスクロールバーをドラッグすることでAIとのチャットを見返すことができる．,AIへの印象の評価は，あまり深く考え込まずに自分が感じた印象で評価する．,8,8,3,1,2,6,7,1,2,1,7,1,3,1,1,1,1,3,1,1,1,0,0,0,1,0,1,0,0,0,0,1,女,60,AIが指示通りに作業をしてくれないと、とてもまどろっこしい思いをするということがわかりました。,,
nszw26001_AblL9kU0bh,ja,2026-01-27_23-00-57,2026-01-27_23-11-10,iframegid:conf/iframe/chatItoI_noname_js/index.html,同意する,理解しました,AIとのチャットの様子を視聴する．,あなた自身がユーザになったつもりでチャットの様子を視聴する,チャット画面をスクロール，またはチャット画面右側に表示されるスクロールバーをドラッグすることでAIとのチャットを見返すことができる．,AIへの印象の評価は，あまり深く考え込まずに自分が感じた印象で評価する．,6,6,3,0,1,2,7,1,2,8,7,1,2,6,2,2,3,4,0,1,1,0,0,0,0,0,0,1,0,0,0,1,女,52,AIが指示通りに画像生成してくれず、修正も的外れなのに、真面目な口調なのがシュールで少し笑ってしまいました。,,
nszw26001_PYj8LhXkES,ja,2026-01-27_23-01-50,2026-01-27_23-11-14,iframegid:conf/iframe/chatItoE_name_js/index.html,同意する,理解しました,AIとのチャットの様子を視聴する．,あなた自身がユーザになったつもりでチャットの様子を視聴する,チャット画面をスクロール，またはチャット画面右側に表示されるスクロールバーをドラッグすることでAIとのチャットを見返すことができる．,AIへの印象の評価は，あまり深く考え込まずに自分が感じた印象で評価する．,0,0,0,0,0,0,0,0,1,0,3,0,0,0,0,0,0,0,0,0,1,0,0,0,0,0,0,1,0,0,0,1,女,56,意味がわからない,,
nszw26001_epHodAuERL,ja,2026-01-27_23-00-59,2026-01-27_23-11-20,iframegid:conf/iframe/chatItoI_name_js/index.html,同意する,理解しました,AIとのチャットの様子を視聴する．,あなた自身がユーザになったつもりでチャットの様子を視聴する,チャット画面をスクロール，またはチャット画面右側に表示されるスクロールバーをドラッグすることでAIとのチャットを見返すことができる．,AIへの印象の評価は，あまり深く考え込まずに自分が感じた印象で評価する．,3,5,3,2,4,4,5,2,1,7,6,5,7,5,3,5,5,5,3,5,1,0,0,0,0,0,1,0,0,0,0,1,女,42,今見たAIが標準だと、あまり使いたくないなと思ってしまいました。,,
nszw26001_ktAmBKqlIt,ja,2026-01-27_23-07-23,2026-01-27_23-11-23,iframegid:conf/iframe/chatItoI_noname_js/index.html,同意する,理解しました,AIとのチャットの様子を視聴する．,あなた自身がユーザになったつもりでチャットの様子を視聴する,チャット画面をスクロール，またはチャット画面右側に表示されるスクロールバーをドラッグすることでAIとのチャットを見返すことができる．,AIへの印象の評価は，あまり深く考え込まずに自分が感じた印象で評価する．,1,1,0,0,0,0,0,0,1,0,0,0,0,0,0,0,0,0,0,0,1,0,0,0,0,0,0,1,0,0,0,1,女,37,,,
nszw26001_SIghml99oC,ja,2026-01-27_23-04-26,2026-01-27_23-11-25,iframegid:conf/iframe/chatItoE_name_js/index.html,同意する,理解しました,AIとのチャットの様子を視聴する．,あなた自身がユーザになったつもりでチャットの様子を視聴する,チャット画面をスクロール，またはチャット画面右側に表示されるスクロールバーをドラッグすることでAIとのチャットを見返すことができる．,AIへの印象の評価は，あまり深く考え込まずに自分が感じた印象で評価する．,6,6,6,3,5,5,1,5,6,7,3,5,7,2,5,1,4,3,6,1,1,0,0,0,1,0,1,0,0,0,0,1,女,45,AIに対して最初は抵抗感みたいなものがありましたがだんだん馴染んでくる自分を感じました。,,
nszw26001_gagGIlHG5a,ja,2026-01-27_23-02-33,2026-01-27_23-11-34,iframegid:conf/iframe/chatItoE_name_js/index.html,同意する,理解しました,AIとのチャットの様子を視聴する．,あなた自身がユーザになったつもりでチャットの様子を視聴する,チャット画面をスクロール，またはチャット画面右側に表示されるスクロールバーをドラッグすることでAIとのチャットを見返すことができる．,AIへの印象の評価は，あまり深く考え込まずに自分が感じた印象で評価する．,8,8,8,3,5,5,5,3,2,7,7,4,5,6,4,3,6,5,3,4,1,0,0,0,1,0,0,0,0,0,0,1,男,71歳以上,タスクの意図がよくわからないまま終わってしまいました,,
nszw26001_GQQwpZrwZT,ja,2026-01-27_23-06-11,2026-01-27_23-11-38,iframegid:conf/iframe/chatItoI_noname_js/index.html,同意する,理解しました,AIとのチャットの様子を視聴する．,あなた自身がユーザになったつもりでチャットの様子を視聴する,チャット画面をスクロール，またはチャット画面右側に表示されるスクロールバーをドラッグすることでAIとのチャットを見返すことができる．,AIへの印象の評価は，あまり深く考え込まずに自分が感じた印象で評価する．,2,2,6,1,4,4,7,3,4,7,9,4,6,4,2,2,4,6,6,3,1,0,0,0,0,0,0,1,0,0,0,1,女,33,会話を観てるだけでも面白かった,,
nszw26001_ms6OXQXrGr,ja,2026-01-27_23-04-09,2026-01-27_23-11-42,iframegid:conf/iframe/chatItoE_noname_js/index.html,同意する,理解しました,AIとのチャットの様子を視聴する．,あなた自身がユーザになったつもりでチャットの様子を視聴する,チャット画面をスクロール，またはチャット画面右側に表示されるスクロールバーをドラッグすることでAIとのチャットを見返すことができる．,AIへの印象の評価は，あまり深く考え込まずに自分が感じた印象で評価する．,6,6,8,7,7,6,7,7,8,8,7,7,7,7,7,7,7,8,8,8,1,0,0,0,0,0,1,0,0,0,1,0,女,50,とても不思議な空間でした。,,
nszw26001_zBmZErre7E,ja,2026-01-27_23-01-38,2026-01-27_23-11-43,iframegid:conf/iframe/chatItoE_noname_js/index.html,同意する,理解しました,AIとのチャットの様子を視聴する．,あなた自身がユーザになったつもりでチャットの様子を視聴する,チャット画面をスクロール，またはチャット画面右側に表示されるスクロールバーをドラッグすることでAIとのチャットを見返すことができる．,AIへの印象の評価は，あまり深く考え込まずに自分が感じた印象で評価する．,4,4,6,5,6,6,6,7,6,8,6,6,7,5,5,6,6,6,6,6,1,0,0,0,0,0,1,0,0,0,1,0,女,71歳以上,とても不思議な空間でした。,,
nszw26001_w5WgfGaTiT,ja,2026-01-27_23-07-34,2026-01-27_23-11-45,iframegid:conf/iframe/chatItoI_noname_js/index.html,同意する,理解しました,AIとのチャットの様子を視聴する．,あなた自身がユーザになったつもりでチャットの様子を視聴する,チャット画面をスクロール，またはチャット画面右側に表示されるスクロールバーをドラッグすることでAIとのチャットを見返すことができる．,AIへの印象の評価は，あまり深く考え込まずに自分が感じた印象で評価する．,2,2,2,2,3,3,3,5,6,7,7,5,6,5,7,5,6,6,6,4,1,0,0,0,0,0,0,1,0,0,0,1,女,52,,,
nszw26001_9NxZrHHT7v,ja,2026-01-27_23-07-18,2026-01-27_23-11-46,iframegid:conf/iframe/chatItoI_name_js/index.html,同意する,理解しました,AIとのチャットの様子を視聴する．,あなた自身がユーザになったつもりでチャットの様子を視聴する,チャット画面をスクロール，またはチャット画面右側に表示されるスクロールバーをドラッグすることでAIとのチャットを見返すことができる．,AIへの印象の評価は，あまり深く考え込まずに自分が感じた印象で評価する．,5,6,4,4,3,3,6,4,3,3,3,2,2,3,4,3,3,3,3,3,0,1,0,0,0,0,1,0,0,0,1,0,女,46,,,
nszw26001_ZEzgGXVKmi,ja,2026-01-27_23-04-53,2026-01-27_23-11-46,iframegid:conf/iframe/chatItoE_name_js/index.html,同意する,理解しました,AIとのチャットの様子を視聴する．,あなた自身がユーザになったつもりでチャットの様子を視聴する,チャット画面をスクロール，またはチャット画面右側に表示されるスクロールバーをドラッグすることでAIとのチャットを見返すことができる．,AIへの印象の評価は，あまり深く考え込まずに自分が感じた印象で評価する．,8,7,3,2,6,6,8,6,5,5,5,4,6,7,8,6,6,9,7,6,0,0,1,0,1,0,1,0,0,0,0,1,女,49,まだAIに任せる事は出来ない,,
nszw26001_MiJxhcPGvT,ja,2026-01-27_23-02-21,2026-01-27_23-12-15,iframegid:conf/iframe/chatItoI_noname_js/index.html,同意する,理解しました,AIとのチャットの様子を視聴する．,あなた自身がユーザになったつもりでチャットの様子を視聴する,チャット画面をスクロール，またはチャット画面右側に表示されるスクロールバーをドラッグすることでAIとのチャットを見返すことができる．,AIへの印象の評価は，あまり深く考え込まずに自分が感じた印象で評価する．,5,8,5,2,5,5,8,3,4,5,8,3,5,5,7,5,5,5,6,5,1,0,0,0,0,0,0,1,0,0,1,0,女,65,AIに関する調査なのに、AIが間違っていてつまらなかった。,,
nszw26001_G60r5eAWDE,ja,2026-01-27_23-06-11,2026-01-27_23-12-42,iframegid:conf/iframe/chatItoI_name_js/index.html,同意する,理解しました,AIとのチャットの様子を視聴する．,あなた自身がユーザになったつもりでチャットの様子を視聴する,チャット画面をスクロール，またはチャット画面右側に表示されるスクロールバーをドラッグすることでAIとのチャットを見返すことができる．,AIへの印象の評価は，あまり深く考え込まずに自分が感じた印象で評価する．,9,9,9,1,6,6,5,0,1,7,7,4,7,7,7,3,7,7,0,1,1,0,0,0,0,0,1,0,0,0,0,1,女,46,,,
nszw26001_uhQ9wqpAkc,ja,2026-01-27_23-01-40,2026-01-27_23-12-41,iframegid:conf/iframe/chatItoI_noname_js/index.html,同意する,理解しました,AIとのチャットの様子を視聴する．,あなた自身がユーザになったつもりでチャットの様子を視聴する,チャット画面をスクロール，またはチャット画面右側に表示されるスクロールバーをドラッグすることでAIとのチャットを見返すことができる．,AIへの印象の評価は，あまり深く考え込まずに自分が感じた印象で評価する．,1,1,1,0,1,5,5,1,0,7,5,5,5,3,3,3,2,6,2,5,1,0,0,0,0,0,0,1,0,0,0,1,女,60,AIの言葉使いが不自然に丁寧。,,
nszw26001_bprvmmGpeK,ja,2026-01-27_23-09-31,2026-01-27_23-13-27,iframegid:conf/iframe/chatItoE_name_js/index.html,同意する,理解しました,AIとのチャットの様子を視聴する．,あなた自身がユーザになったつもりでチャットの様子を視聴する,チャット画面をスクロール，またはチャット画面右側に表示されるスクロールバーをドラッグすることでAIとのチャットを見返すことができる．,AIへの印象の評価は，あまり深く考え込まずに自分が感じた印象で評価する．,3,2,3,1,2,3,7,1,2,2,2,2,1,2,3,1,2,3,0,2,1,0,0,0,1,0,0,0,0,0,0,1,女,29,,,
nszw26001_Pr68D5zI1X,ja,2026-01-27_23-08-52,2026-01-27_23-13-52,iframegid:conf/iframe/chatItoI_name_js/index.html,同意する,理解しました,AIとのチャットの様子を視聴する．,あなた自身がユーザになったつもりでチャットの様子を視聴する,チャット画面をスクロール，またはチャット画面右側に表示されるスクロールバーをドラッグすることでAIとのチャットを見返すことができる．,AIへの印象の評価は，あまり深く考え込まずに自分が感じた印象で評価する．,4,3,5,6,4,5,4,3,4,3,6,4,5,3,6,5,4,6,4,3,0,0,1,0,0,0,1,0,0,0,0,1,女,56,,,
nszw26001_wNvLx4zt9g,ja,2026-01-27_23-09-26,2026-01-27_23-14-01,iframegid:conf/iframe/chatItoI_noname_js/index.html,同意する,理解しました,AIとのチャットの様子を視聴する．,あなた自身がユーザになったつもりでチャットの様子を視聴する,チャット画面をスクロール，またはチャット画面右側に表示されるスクロールバーをドラッグすることでAIとのチャットを見返すことができる．,AIへの印象の評価は，あまり深く考え込まずに自分が感じた印象で評価する．,7,7,5,3,5,5,5,3,4,5,5,5,5,5,5,3,3,5,3,5,1,0,0,0,0,0,0,1,0,0,0,1,女,48,なかなかおもしろかった,,
nszw26001_7IkLKmveHx,ja,2026-01-27_23-08-54,2026-01-27_23-14-23,iframegid:conf/iframe/chatItoI_name_js/index.html,同意する,理解しました,AIとのチャットの様子を視聴する．,あなた自身がユーザになったつもりでチャットの様子を視聴する,チャット画面をスクロール，またはチャット画面右側に表示されるスクロールバーをドラッグすることでAIとのチャットを見返すことができる．,AIへの印象の評価は，あまり深く考え込まずに自分が感じた印象で評価する．,4,3,6,5,5,5,5,6,5,4,6,5,6,6,6,6,6,6,5,4,1,0,0,0,0,0,1,0,0,0,1,0,女,36,,,
nszw26001_JyOH8Q5aqb,ja,2026-01-27_23-09-06,2026-01-27_23-14-28,iframegid:conf/iframe/chatItoI_noname_js/index.html,同意する,理解しました,AIとのチャットの様子を視聴する．,あなた自身がユーザになったつもりでチャットの様子を視聴する,チャット画面をスクロール，またはチャット画面右側に表示されるスクロールバーをドラッグすることでAIとのチャットを見返すことができる．,AIへの印象の評価は，あまり深く考え込まずに自分が感じた印象で評価する．,2,5,3,0,2,4,5,3,4,1,3,4,5,2,3,5,4,5,4,4,1,0,0,0,0,0,0,1,0,0,0,1,女,61,,,
nszw26001_HjZY99vec3,ja,2026-01-27_23-10-18,2026-01-27_23-14-47,iframegid:conf/iframe/chatItoI_noname_js/index.html,同意する,理解しました,AIとのチャットの様子を視聴する．,あなた自身がユーザになったつもりでチャットの様子を視聴する,チャット画面をスクロール，またはチャット画面右側に表示されるスクロールバーをドラッグすることでAIとのチャットを見返すことができる．,AIへの印象の評価は，あまり深く考え込まずに自分が感じた印象で評価する．,8,9,7,8,8,7,8,8,9,8,7,9,8,8,8,9,8,8,9,7,1,0,0,0,0,1,0,0,0,0,1,0,女,25,,,
nszw26001_eVPzxNygiV,ja,2026-01-27_23-06-25,2026-01-27_23-14-47,iframegid:conf/iframe/chatItoE_name_js/index.html,同意する,理解しました,AIとのチャットの様子を視聴する．,あなた自身がユーザになったつもりでチャットの様子を視聴する,チャット画面をスクロール，またはチャット画面右側に表示されるスクロールバーをドラッグすることでAIとのチャットを見返すことができる．,AIへの印象の評価は，あまり深く考え込まずに自分が感じた印象で評価する．,5,4,3,1,3,5,5,0,1,2,1,2,2,2,4,5,3,3,0,0,0,0,1,0,1,0,0,0,0,0,0,1,女,33,AIとのやりとりに少しいらつきました,,
nszw26001_5j1t1Os84n,ja,2026-01-27_23-09-21,2026-01-27_23-14-57,iframegid:conf/iframe/chatItoE_name_js/index.html,同意する,理解しました,AIとのチャットの様子を視聴する．,あなた自身がユーザになったつもりでチャットの様子を視聴する,チャット画面をスクロール，またはチャット画面右側に表示されるスクロールバーをドラッグすることでAIとのチャットを見返すことができる．,AIへの印象の評価は，あまり深く考え込まずに自分が感じた印象で評価する．,7,7,6,3,6,6,7,6,5,7,6,5,6,6,6,6,7,6,5,6,0,0,1,0,1,0,1,0,0,0,0,1,女,30,やり取り自体には特に違和感を感じるとかは思わなかった<br>個人的にはモーリッツよりピクトの方が人間らしいと思えた,,
nszw26001_Xpz1WpGZcf,ja,2026-01-27_23-12-33,2026-01-27_23-16-10,iframegid:conf/iframe/chatItoE_noname_js/index.html,同意する,理解しました,AIとのチャットの様子を視聴する．,あなた自身がユーザになったつもりでチャットの様子を視聴する,チャット画面をスクロール，またはチャット画面右側に表示されるスクロールバーをドラッグすることでAIとのチャットを見返すことができる．,AIへの印象の評価は，あまり深く考え込まずに自分が感じた印象で評価する．,2,2,0,0,0,0,1,0,1,0,0,0,0,0,0,0,0,0,0,0,0,0,1,0,0,0,0,1,0,0,0,1,女,50,イラっとするAIだった,,
nszw26001_KrbArAxahq,ja,2026-01-27_23-01-50,2026-01-27_23-16-44,iframegid:conf/iframe/chatItoE_name_js/index.html,同意する,理解しました,AIとのチャットの様子を視聴する．,あなた自身がユーザになったつもりでチャットの様子を視聴する,チャット画面をスクロール，またはチャット画面右側に表示されるスクロールバーをドラッグすることでAIとのチャットを見返すことができる．,AIへの印象の評価は，あまり深く考え込まずに自分が感じた印象で評価する．,5,3,5,0,3,3,5,0,1,0,5,0,0,2,0,5,0,1,0,5,1,0,0,0,1,0,1,0,0,0,1,0,女,60,AIが指示通りに修正してくれないと腹が立つことがわかった,,
nszw26001_qyepjGo1Sv,ja,2026-01-27_23-04-34,2026-01-27_23-16-57,iframegid:conf/iframe/chatItoE_noname_js/index.html,同意する,理解しました,AIとのチャットの様子を視聴する．,あなた自身がユーザになったつもりでチャットの様子を視聴する,チャット画面をスクロール，またはチャット画面右側に表示されるスクロールバーをドラッグすることでAIとのチャットを見返すことができる．,AIへの印象の評価は，あまり深く考え込まずに自分が感じた印象で評価する．,3,2,3,1,5,4,5,2,1,4,6,1,2,6,2,4,3,3,1,2,0,0,1,0,0,0,0,1,0,0,0,1,女,29,AIの応答の丁寧さと、実際の出力結果（画像生成の精度）に大きな乖離があると感じました。特に、言葉では修正を受け入れているにもかかわらず、画像が全く変化しなかったり、エラーを繰り返したりする点は、実用化において大きな課題だと感じます。また、チャットを新規作成した途端にAIの口調が急変したことも、一貫性の観点から非常に印象的でした。,,
nszw26001_497kTMXnkG,ja,2026-01-27_23-06-50,2026-01-27_23-17-50,iframegid:conf/iframe/chatItoE_noname_js/index.html,同意する,理解しました,AIとのチャットの様子を視聴する．,あなた自身がユーザになったつもりでチャットの様子を視聴する,チャット画面をスクロール，またはチャット画面右側に表示されるスクロールバーをドラッグすることでAIとのチャットを見返すことができる．,AIへの印象の評価は，あまり深く考え込まずに自分が感じた印象で評価する．,6,6,2,1,5,2,6,0,1,5,6,2,2,6,6,5,5,3,0,5,0,1,0,0,0,0,0,1,0,0,0,1,女,58,楽しく回答出来た。,,
nszw26001_AjpmuRZlmL,ja,2026-01-27_23-05-12,2026-01-27_23-18-14,iframegid:conf/iframe/chatItoE_name_js/index.html,同意する,理解しました,AIとのチャットの様子を視聴する．,あなた自身がユーザになったつもりでチャットの様子を視聴する,チャット画面をスクロール，またはチャット画面右側に表示されるスクロールバーをドラッグすることでAIとのチャットを見返すことができる．,AIへの印象の評価は，あまり深く考え込まずに自分が感じた印象で評価する．,7,6,10,6,9,10,5,10,9,10,10,5,10,8,8,3,9,9,7,5,0,0,1,0,1,0,1,0,0,0,0,1,女,60,何を意図するものかはわかりませんが、楽しかったです。,,
nszw26001_pwBIurEhTQ,ja,2026-01-27_23-03-15,2026-01-27_23-18-33,iframegid:conf/iframe/chatItoI_name_js/index.html,同意する,理解しました,AIとのチャットの様子を視聴する．,あなた自身がユーザになったつもりでチャットの様子を視聴する,チャット画面をスクロール，またはチャット画面右側に表示されるスクロールバーをドラッグすることでAIとのチャットを見返すことができる．,AIへの印象の評価は，あまり深く考え込まずに自分が感じた印象で評価する．,5,5,0,0,0,0,0,0,1,0,5,0,0,0,0,0,0,0,0,0,0,0,0,1,0,0,1,0,0,0,0,1,女,41,元々個人的にはAIでの画像作成を認めない派（自力で生み出して全部作成したい派）なのですが、今回登場したAIの精度があまりにも悪くて『自分で作ったほうが早く作業が終わりそうだな』と感じました。AIに頼るべきものではないなとも改めて思いました。あとは、地味に柄の一部だけ変に変わっているのも少し笑ってしまいました。興味深いタスクに参加させていただきありがとうございました。,,
nszw26001_ZU7ncTOYfQ,ja,2026-01-27_23-09-22,2026-01-27_23-24-47,iframegid:conf/iframe/chatItoI_name_js/index.html,同意する,理解しました,AIとのチャットの様子を視聴する．,あなた自身がユーザになったつもりでチャットの様子を視聴する,チャット画面をスクロール，またはチャット画面右側に表示されるスクロールバーをドラッグすることでAIとのチャットを見返すことができる．,AIへの印象の評価は，あまり深く考え込まずに自分が感じた印象で評価する．,5,3,2,1,2,2,5,1,2,2,2,1,2,2,1,1,3,7,0,0,1,0,0,0,0,0,1,0,0,0,0,1,女,56,同じチャットを繰り返し見てしまった。終わったのなら自動的に次に移るようになっていたら良かった。,,
nszw26001_Yrgy0QMOmN,ja,2026-01-27_23-15-13,2026-01-27_23-19-35,iframegid:conf/iframe/chatItoE_name_js/index.html,同意する,理解しました,AIとのチャットの様子を視聴する．,あなた自身がユーザになったつもりでチャットの様子を視聴する,チャット画面をスクロール，またはチャット画面右側に表示されるスクロールバーをドラッグすることでAIとのチャットを見返すことができる．,AIへの印象の評価は，あまり深く考え込まずに自分が感じた印象で評価する．,6,4,3,1,2,4,3,0,1,0,1,0,0,2,2,2,1,3,0,3,0,0,1,0,1,0,1,0,0,0,0,1,女,65,AIの程度が低いとおもいました,,
nszw26001_Kn9Kkcehd1,ja,2026-01-27_23-08-09,2026-01-27_23-20-18,iframegid:conf/iframe/chatItoI_name_js/index.html,同意する,理解しました,AIとのチャットの様子を視聴する．,あなた自身がユーザになったつもりでチャットの様子を視聴する,チャット画面をスクロール，またはチャット画面右側に表示されるスクロールバーをドラッグすることでAIとのチャットを見返すことができる．,AIへの印象の評価は，あまり深く考え込まずに自分が感じた印象で評価する．,1,1,1,0,1,1,1,0,1,1,1,1,2,1,2,1,1,1,0,0,1,0,0,0,0,0,1,0,0,0,0,1,女,42,ここまで指示通りに実行できなかったら話にならないのではないかと率直に思った。使いものにならないと。特に2回目のクローバーに変更するのは4回も失敗していたので首を傾げてしまった。,,
nszw26001_XD6RrjuVvz,ja,2026-01-27_23-16-30,2026-01-27_23-20-27,iframegid:conf/iframe/chatItoI_noname_js/index.html,同意する,理解しました,AIとのチャットの様子を視聴する．,あなた自身がユーザになったつもりでチャットの様子を視聴する,チャット画面をスクロール，またはチャット画面右側に表示されるスクロールバーをドラッグすることでAIとのチャットを見返すことができる．,AIへの印象の評価は，あまり深く考え込まずに自分が感じた印象で評価する．,5,4,4,1,5,5,5,1,0,5,5,1,1,5,5,3,5,5,2,5,1,0,0,0,0,0,0,1,0,0,0,1,女,45,,,
nszw26001_MJVuj4uwzn,ja,2026-01-27_23-14-08,2026-01-27_23-20-43,iframegid:conf/iframe/chatItoE_noname_js/index.html,同意する,理解しました,AIとのチャットの様子を視聴する．,あなた自身がユーザになったつもりでチャットの様子を視聴する,チャット画面をスクロール，またはチャット画面右側に表示されるスクロールバーをドラッグすることでAIとのチャットを見返すことができる．,AIへの印象の評価は，あまり深く考え込まずに自分が感じた印象で評価する．,2,5,3,2,5,5,5,0,1,3,5,3,5,5,5,5,5,5,3,5,1,0,0,0,0,0,0,1,0,0,0,1,女,52,,,
nszw26001_FiusfL7GsQ,ja,2026-01-27_23-15-46,2026-01-27_23-20-45,iframegid:conf/iframe/chatItoI_noname_js/index.html,同意する,理解しました,AIとのチャットの様子を視聴する．,あなた自身がユーザになったつもりでチャットの様子を視聴する,チャット画面をスクロール，またはチャット画面右側に表示されるスクロールバーをドラッグすることでAIとのチャットを見返すことができる．,AIへの印象の評価は，あまり深く考え込まずに自分が感じた印象で評価する．,5,6,4,2,2,5,6,5,6,3,5,2,5,2,3,4,3,5,3,2,1,0,0,0,0,0,0,1,0,0,0,1,女,58,比較的簡単な依頼だと思うがそれでもこんなに対応できないAIは困ると思った,,
nszw26001_jGOvJV1mw4,ja,2026-01-27_23-16-06,2026-01-27_23-20-47,iframegid:conf/iframe/chatItoI_name_js/index.html,同意する,理解しました,AIとのチャットの様子を視聴する．,あなた自身がユーザになったつもりでチャットの様子を視聴する,チャット画面をスクロール，またはチャット画面右側に表示されるスクロールバーをドラッグすることでAIとのチャットを見返すことができる．,AIへの印象の評価は，あまり深く考え込まずに自分が感じた印象で評価する．,5,6,3,2,5,5,5,1,0,5,5,2,1,5,5,5,3,5,2,6,1,0,0,0,0,0,1,0,0,0,0,1,女,47,,,
nszw26001_F3mi0747Ps,ja,2026-01-27_23-16-21,2026-01-27_23-20-52,iframegid:conf/iframe/chatItoE_noname_js/index.html,同意する,理解しました,AIとのチャットの様子を視聴する．,あなた自身がユーザになったつもりでチャットの様子を視聴する,チャット画面をスクロール，またはチャット画面右側に表示されるスクロールバーをドラッグすることでAIとのチャットを見返すことができる．,AIへの印象の評価は，あまり深く考え込まずに自分が感じた印象で評価する．,7,7,5,3,6,6,7,4,5,7,8,7,7,5,5,7,7,7,7,7,1,0,0,0,0,0,0,1,0,0,0,1,女,48,,,
nszw26001_76mR4YoddN,ja,2026-01-27_23-05-25,2026-01-27_23-21-03,iframegid:conf/iframe/chatItoE_noname_js/index.html,同意する,理解しました,AIとのチャットの様子を視聴する．,あなた自身がユーザになったつもりでチャットの様子を視聴する,チャット画面をスクロール，またはチャット画面右側に表示されるスクロールバーをドラッグすることでAIとのチャットを見返すことができる．,AIへの印象の評価は，あまり深く考え込まずに自分が感じた印象で評価する．,2,2,2,2,2,2,5,2,1,2,2,2,2,2,2,2,2,2,2,2,1,0,0,0,1,0,0,0,0,0,1,0,女,54,やり取りしていて、学習能力がないと感じました。,,
nszw26001_Ll9b1ialTn,ja,2026-01-27_23-18-13,2026-01-27_23-21-12,iframegid:conf/iframe/chatItoI_noname_js/index.html,同意する,理解しました,AIとのチャットの様子を視聴する．,あなた自身がユーザになったつもりでチャットの様子を視聴する,チャット画面をスクロール，またはチャット画面右側に表示されるスクロールバーをドラッグすることでAIとのチャットを見返すことができる．,AIへの印象の評価は，あまり深く考え込まずに自分が感じた印象で評価する．,8,9,7,8,9,9,8,8,9,8,7,10,8,8,8,9,8,8,8,7,0,0,1,0,0,0,0,1,0,0,0,1,女,21,,,
nszw26001_ft19kenYE0,ja,2026-01-27_23-02-32,2026-01-27_23-21-13,iframegid:conf/iframe/chatItoI_noname_js/index.html,同意する,理解しました,AIとのチャットの様子を視聴する．,あなた自身がユーザになったつもりでチャットの様子を視聴する,チャット画面をスクロール，またはチャット画面右側に表示されるスクロールバーをドラッグすることでAIとのチャットを見返すことができる．,AIへの印象の評価は，あまり深く考え込まずに自分が感じた印象で評価する．,6,6,5,5,6,6,6,5,6,6,6,6,6,6,6,4,6,6,6,5,0,1,0,0,0,0,0,1,0,0,0,1,女,71歳以上,難しくて理解できなかった。,,
nszw26001_VKoABWew43,ja,2026-01-27_23-14-07,2026-01-27_23-21-17,iframegid:conf/iframe/chatItoI_name_js/index.html,同意する,理解しました,AIとのチャットの様子を視聴する．,あなた自身がユーザになったつもりでチャットの様子を視聴する,チャット画面をスクロール，またはチャット画面右側に表示されるスクロールバーをドラッグすることでAIとのチャットを見返すことができる．,AIへの印象の評価は，あまり深く考え込まずに自分が感じた印象で評価する．,5,9,5,1,5,3,5,1,0,5,6,2,4,2,7,2,5,3,1,2,1,0,0,0,0,0,1,0,0,0,0,1,女,59,AIがあれほど間違いを出してくるのか、と不思議に思った,,
nszw26001_5owDxNLG6Y,ja,2026-01-27_23-16-29,2026-01-27_23-21-26,iframegid:conf/iframe/chatItoE_noname_js/index.html,同意する,理解しました,AIとのチャットの様子を視聴する．,あなた自身がユーザになったつもりでチャットの様子を視聴する,チャット画面をスクロール，またはチャット画面右側に表示されるスクロールバーをドラッグすることでAIとのチャットを見返すことができる．,AIへの印象の評価は，あまり深く考え込まずに自分が感じた印象で評価する．,7,7,7,7,7,7,7,7,6,7,7,7,7,7,7,7,7,7,7,7,1,0,0,0,0,0,0,1,0,0,0,1,女,62,,,
nszw26001_UgESZiRZ2u,ja,2026-01-27_23-14-42,2026-01-27_23-22-34,iframegid:conf/iframe/chatItoE_name_js/index.html,同意する,理解しました,AIとのチャットの様子を視聴する．,あなた自身がユーザになったつもりでチャットの様子を視聴する,チャット画面をスクロール，またはチャット画面右側に表示されるスクロールバーをドラッグすることでAIとのチャットを見返すことができる．,AIへの印象の評価は，あまり深く考え込まずに自分が感じた印象で評価する．,2,2,0,0,0,0,8,0,1,2,5,0,0,2,2,5,0,2,0,3,1,0,0,0,1,0,1,0,0,0,0,1,女,45,わざと間違えているような気がして、短気な人だと怒り出しそう。,,
nszw26001_pecaCuDs19,ja,2026-01-27_23-08-45,2026-01-27_23-23-05,iframegid:conf/iframe/chatItoE_noname_js/index.html,同意する,理解しました,AIとのチャットの様子を視聴する．,あなた自身がユーザになったつもりでチャットの様子を視聴する,チャット画面をスクロール，またはチャット画面右側に表示されるスクロールバーをドラッグすることでAIとのチャットを見返すことができる．,AIへの印象の評価は，あまり深く考え込まずに自分が感じた印象で評価する．,3,3,1,0,5,4,5,0,1,0,1,1,5,5,5,5,0,5,0,0,1,0,0,0,0,0,0,1,0,0,0,1,女,62,意味が分からない,,
nszw26001_u4wUufGHPE,ja,2026-01-27_23-17-15,2026-01-27_23-23-47,iframegid:conf/iframe/chatItoI_name_js/index.html,同意する,理解しました,AIとのチャットの様子を視聴する．,あなた自身がユーザになったつもりでチャットの様子を視聴する,チャット画面をスクロール，またはチャット画面右側に表示されるスクロールバーをドラッグすることでAIとのチャットを見返すことができる．,AIへの印象の評価は，あまり深く考え込まずに自分が感じた印象で評価する．,0,0,0,0,0,0,2,0,1,0,2,0,0,1,0,0,1,2,0,0,1,0,0,0,0,0,1,0,0,0,0,1,女,37,特にない,,
nszw26001_B35JiDRGup,ja,2026-01-27_23-17-13,2026-01-27_23-24-11,iframegid:conf/iframe/chatItoI_name_js/index.html,同意する,理解しました,AIとのチャットの様子を視聴する．,あなた自身がユーザになったつもりでチャットの様子を視聴する,チャット画面をスクロール，またはチャット画面右側に表示されるスクロールバーをドラッグすることでAIとのチャットを見返すことができる．,AIへの印象の評価は，あまり深く考え込まずに自分が感じた印象で評価する．,6,6,4,4,5,5,4,3,2,1,2,0,1,2,0,0,0,1,2,0,1,0,0,0,0,0,1,0,0,0,0,1,女,54,特になし,,
nszw26001_DAGJdIEdpR,ja,2026-01-27_23-17-22,2026-01-27_23-26-07,iframegid:conf/iframe/chatItoE_name_js/index.html,同意する,理解しました,AIとのチャットの様子を視聴する．,あなた自身がユーザになったつもりでチャットの様子を視聴する,チャット画面をスクロール，またはチャット画面右側に表示されるスクロールバーをドラッグすることでAIとのチャットを見返すことができる．,AIへの印象の評価は，あまり深く考え込まずに自分が感じた印象で評価する．,3,3,5,2,3,2,5,0,1,0,1,1,1,1,1,1,1,3,0,0,1,0,0,0,0,1,1,0,0,0,0,1,女,51,AIとのやりとりが、こちらの意図を理解していなくて、何度も同じやりとりになりイラっとしました。,,
nszw26001_ANpTGneQtP,ja,2026-01-27_23-10-24,2026-01-27_23-26-19,iframegid:conf/iframe/chatItoI_noname_js/index.html,同意する,理解しました,AIとのチャットの様子を視聴する．,あなた自身がユーザになったつもりでチャットの様子を視聴する,チャット画面をスクロール，またはチャット画面右側に表示されるスクロールバーをドラッグすることでAIとのチャットを見返すことができる．,AIへの印象の評価は，あまり深く考え込まずに自分が感じた印象で評価する．,0,1,1,0,2,2,2,2,3,5,5,5,5,5,5,5,4,5,4,5,1,0,0,0,0,0,0,1,0,0,0,1,女,59,少し難しく感じました,,
nszw26001_pdZHBtzAdm,ja,2026-01-27_23-20-45,2026-01-27_23-34-02,iframegid:conf/iframe/chatItoE_noname_js/index.html,同意する,理解しました,AIとのチャットの様子を視聴する．,あなた自身がユーザになったつもりでチャットの様子を視聴する,チャット画面をスクロール，またはチャット画面右側に表示されるスクロールバーをドラッグすることでAIとのチャットを見返すことができる．,AIへの印象の評価は，あまり深く考え込まずに自分が感じた印象で評価する．,6,6,2,0,2,0,7,1,2,2,5,1,1,6,2,1,2,5,1,2,0,0,1,0,0,0,0,1,0,0,0,1,女,44,初めてのアンケートでしたが、スムーズに回答することができました<br>,,
nszw26001_jDaIGyUn39,ja,2026-01-27_23-12-33,2026-01-27_23-27-31,iframegid:conf/iframe/chatItoI_name_js/index.html,同意する,理解しました,AIとのチャットの様子を視聴する．,あなた自身がユーザになったつもりでチャットの様子を視聴する,チャット画面をスクロール，またはチャット画面右側に表示されるスクロールバーをドラッグすることでAIとのチャットを見返すことができる．,AIへの印象の評価は，あまり深く考え込まずに自分が感じた印象で評価する．,5,5,3,3,4,5,5,5,4,4,3,3,5,4,3,3,4,4,5,5,1,0,0,0,0,0,1,0,0,0,0,1,女,65,途中で発展性のないAIのやり取りに飽きてきた。,,
nszw26001_jUNc3kctIN,ja,2026-01-27_23-15-20,2026-01-27_23-30-02,iframegid:conf/iframe/chatItoE_name_js/index.html,同意する,理解しました,AIとのチャットの様子を視聴する．,あなた自身がユーザになったつもりでチャットの様子を視聴する,チャット画面をスクロール，またはチャット画面右側に表示されるスクロールバーをドラッグすることでAIとのチャットを見返すことができる．,AIへの印象の評価は，あまり深く考え込まずに自分が感じた印象で評価する．,6,3,4,2,5,5,8,3,4,8,8,5,7,3,3,2,5,7,6,2,0,0,1,0,1,0,1,0,0,0,0,1,女,47,,,
nszw26001_2AiztqcWP0,ja,2026-01-27_23-23-04,2026-01-27_23-31-24,iframegid:conf/iframe/chatItoE_name_js/index.html,同意する,理解しました,AIとのチャットの様子を視聴する．,あなた自身がユーザになったつもりでチャットの様子を視聴する,チャット画面をスクロール，またはチャット画面右側に表示されるスクロールバーをドラッグすることでAIとのチャットを見返すことができる．,AIへの印象の評価は，あまり深く考え込まずに自分が感じた印象で評価する．,5,7,5,3,5,6,6,2,1,5,5,3,6,5,6,5,5,6,4,0,0,0,1,0,1,0,0,0,0,0,0,1,女,59,あまりにもよくないAIでした。,,
nszw26001_hoUsQfdNPY,ja,2026-01-27_23-15-05,2026-01-27_23-40-31,iframegid:conf/iframe/chatItoE_noname_js/index.html,同意する,理解しました,AIとのチャットの様子を視聴する．,あなた自身がユーザになったつもりでチャットの様子を視聴する,チャット画面をスクロール，またはチャット画面右側に表示されるスクロールバーをドラッグすることでAIとのチャットを見返すことができる．,AIへの印象の評価は，あまり深く考え込まずに自分が感じた印象で評価する．,0,1,0,1,0,0,0,1,0,0,0,0,0,1,0,0,1,1,0,0,0,0,0,1,0,1,0,0,0,0,0,1,女,70,意味がない,,
nszw26001_IeLG1vWhlJ,ja,2026-01-27_23-36-44,2026-01-27_23-42-02,iframegid:conf/iframe/chatItoE_noname_js/index.html,同意する,理解しました,AIとのチャットの様子を視聴する．,あなた自身がユーザになったつもりでチャットの様子を視聴する,チャット画面をスクロール，またはチャット画面右側に表示されるスクロールバーをドラッグすることでAIとのチャットを見返すことができる．,AIへの印象の評価は，あまり深く考え込まずに自分が感じた印象で評価する．,6,6,6,5,5,4,5,4,5,5,5,4,6,5,5,5,6,6,5,5,0,0,1,0,0,0,0,1,0,0,0,1,女,56,名前が気になった,,
nszw26001_Ye9JvZzMju,ja,2026-01-27_23-39-41,2026-01-27_23-42-47,iframegid:conf/iframe/chatItoE_noname_js/index.html,同意する,理解しました,AIとのチャットの様子を視聴する．,あなた自身がユーザになったつもりでチャットの様子を視聴する,チャット画面をスクロール，またはチャット画面右側に表示されるスクロールバーをドラッグすることでAIとのチャットを見返すことができる．,AIへの印象の評価は，あまり深く考え込まずに自分が感じた印象で評価する．,3,3,2,0,0,3,2,1,2,1,1,1,2,1,1,1,1,2,1,0,1,0,0,0,0,0,0,1,0,0,0,1,女,44,,,
nszw26001_tSFMatjjpW,ja,2026-01-27_23-37-13,2026-01-27_23-44-49,iframegid:conf/iframe/chatItoI_name_js/index.html,同意する,理解しました,AIとのチャットの様子を視聴する．,あなた自身がユーザになったつもりでチャットの様子を視聴する,チャット画面をスクロール，またはチャット画面右側に表示されるスクロールバーをドラッグすることでAIとのチャットを見返すことができる．,AIへの印象の評価は，あまり深く考え込まずに自分が感じた印象で評価する．,3,3,6,1,5,3,5,1,2,4,5,1,1,2,1,1,1,4,0,0,1,0,0,0,0,0,1,0,0,0,0,1,女,52,AIが無能すぎてびっくりした,,
nszw26001_VJ44hozcFp,ja,2026-01-27_23-36-13,2026-01-27_23-44-56,iframegid:conf/iframe/chatItoE_name_js/index.html,同意する,理解しました,AIとのチャットの様子を視聴する．,あなた自身がユーザになったつもりでチャットの様子を視聴する,チャット画面をスクロール，またはチャット画面右側に表示されるスクロールバーをドラッグすることでAIとのチャットを見返すことができる．,AIへの印象の評価は，あまり深く考え込まずに自分が感じた印象で評価する．,7,5,8,6,7,6,9,8,7,8,7,6,6,6,6,5,7,8,8,5,1,0,0,0,1,0,1,0,0,0,0,1,女,55,,,
nszw26001_JAA6rTAO7n,ja,2026-01-27_23-38-45,2026-01-27_23-45-07,iframegid:conf/iframe/chatItoI_noname_js/index.html,同意する,理解しました,AIとのチャットの様子を視聴する．,あなた自身がユーザになったつもりでチャットの様子を視聴する,チャット画面をスクロール，またはチャット画面右側に表示されるスクロールバーをドラッグすることでAIとのチャットを見返すことができる．,AIへの印象の評価は，あまり深く考え込まずに自分が感じた印象で評価する．,3,8,5,3,2,2,1,5,4,6,6,3,6,3,5,3,6,4,5,3,1,0,0,0,0,0,0,1,0,0,0,1,女,56,,,
nszw26001_E6n0k77CqF,ja,2026-01-27_23-41-41,2026-01-27_23-45-39,iframegid:conf/iframe/chatItoI_noname_js/index.html,同意する,理解しました,AIとのチャットの様子を視聴する．,あなた自身がユーザになったつもりでチャットの様子を視聴する,チャット画面をスクロール，またはチャット画面右側に表示されるスクロールバーをドラッグすることでAIとのチャットを見返すことができる．,AIへの印象の評価は，あまり深く考え込まずに自分が感じた印象で評価する．,9,7,8,8,8,8,8,8,7,9,9,8,9,8,9,8,9,8,9,8,1,0,0,0,1,0,0,0,0,0,0,1,女,57,わかりやすいのが良かった,,
nszw26001_MuruUoWmIb,ja,2026-01-27_23-39-04,2026-01-27_23-45-54,iframegid:conf/iframe/chatItoI_name_js/index.html,同意する,理解しました,AIとのチャットの様子を視聴する．,あなた自身がユーザになったつもりでチャットの様子を視聴する,チャット画面をスクロール，またはチャット画面右側に表示されるスクロールバーをドラッグすることでAIとのチャットを見返すことができる．,AIへの印象の評価は，あまり深く考え込まずに自分が感じた印象で評価する．,0,0,0,0,0,0,0,0,1,0,0,0,0,1,0,0,0,0,0,0,1,0,0,0,0,0,1,0,0,0,0,1,女,37,画像生成あるあるだと思いました。そして残念ながらこのAIはさすがに人に使われないと思います。,,
nszw26001_GDVJ4w9dd4,ja,2026-01-27_23-48-18,2026-01-27_23-51-21,iframegid:conf/iframe/chatItoE_name_js/index.html,同意する,理解しました,AIとのチャットの様子を視聴する．,あなた自身がユーザになったつもりでチャットの様子を視聴する,チャット画面をスクロール，またはチャット画面右側に表示されるスクロールバーをドラッグすることでAIとのチャットを見返すことができる．,AIへの印象の評価は，あまり深く考え込まずに自分が感じた印象で評価する．,10,8,9,9,9,8,9,8,7,8,8,9,8,8,8,8,8,9,9,8,0,0,1,0,1,0,1,0,0,0,0,1,女,57,よくできていて面白いですね,,
nszw26001_9ZIyTkfv7T,ja,2026-01-27_23-40-20,2026-01-27_23-51-39,iframegid:conf/iframe/chatItoE_name_js/index.html,同意する,理解しました,AIとのチャットの様子を視聴する．,あなた自身がユーザになったつもりでチャットの様子を視聴する,チャット画面をスクロール，またはチャット画面右側に表示されるスクロールバーをドラッグすることでAIとのチャットを見返すことができる．,AIへの印象の評価は，あまり深く考え込まずに自分が感じた印象で評価する．,7,6,5,2,5,5,7,0,1,6,7,3,7,7,7,5,7,7,0,1,0,0,1,0,1,0,1,0,0,0,0,1,女,63,楽しかったです,,
nszw26001_1cvvytE5YL,ja,2026-01-27_23-44-02,2026-01-27_23-51-52,iframegid:conf/iframe/chatItoE_noname_js/index.html,同意する,理解しました,AIとのチャットの様子を視聴する．,あなた自身がユーザになったつもりでチャットの様子を視聴する,チャット画面をスクロール，またはチャット画面右側に表示されるスクロールバーをドラッグすることでAIとのチャットを見返すことができる．,AIへの印象の評価は，あまり深く考え込まずに自分が感じた印象で評価する．,6,6,3,2,2,4,7,2,3,3,5,2,2,4,6,4,4,4,2,5,0,0,1,0,0,0,0,1,0,0,0,1,女,56,,,
nszw26001_bhL8OlxdjB,ja,2026-01-27_23-46-43,2026-01-27_23-55-28,iframegid:conf/iframe/chatItoI_name_js/index.html,同意する,理解しました,AIとのチャットの様子を視聴する．,あなた自身がユーザになったつもりでチャットの様子を視聴する,チャット画面をスクロール，またはチャット画面右側に表示されるスクロールバーをドラッグすることでAIとのチャットを見返すことができる．,AIへの印象の評価は，あまり深く考え込まずに自分が感じた印象で評価する．,6,6,4,3,5,5,4,3,4,3,4,2,2,6,6,3,4,5,2,5,1,0,0,0,0,0,1,0,0,0,0,1,女,58,,,
nszw26001_IqIYtE1Ejq,ja,2026-01-27_23-54-24,2026-01-27_23-57-31,iframegid:conf/iframe/chatItoI_name_js/index.html,同意する,理解しました,AIとのチャットの様子を視聴する．,あなた自身がユーザになったつもりでチャットの様子を視聴する,チャット画面をスクロール，またはチャット画面右側に表示されるスクロールバーをドラッグすることでAIとのチャットを見返すことができる．,AIへの印象の評価は，あまり深く考え込まずに自分が感じた印象で評価する．,3,6,5,5,5,4,6,5,5,6,6,5,6,5,6,6,5,6,6,5,0,0,0,1,0,0,1,0,0,0,1,0,女,51,,,
nszw26001_i3al5rKr3Z,ja,2026-01-27_23-56-54,2026-01-28_00-00-46,iframegid:conf/iframe/chatItoI_noname_js/index.html,同意する,理解しました,AIとのチャットの様子を視聴する．,あなた自身がユーザになったつもりでチャットの様子を視聴する,チャット画面をスクロール，またはチャット画面右側に表示されるスクロールバーをドラッグすることでAIとのチャットを見返すことができる．,AIへの印象の評価は，あまり深く考え込まずに自分が感じた印象で評価する．,3,2,3,3,4,3,2,2,3,4,3,3,3,3,2,2,2,3,2,2,1,0,0,0,0,0,0,1,0,0,0,1,女,21,あるあるすぎて共感できた,,
nszw26001_YP9VLHNJnB,ja,2026-01-27_23-52-41,2026-01-28_00-02-33,iframegid:conf/iframe/chatItoE_name_js/index.html,同意する,理解しました,AIとのチャットの様子を視聴する．,あなた自身がユーザになったつもりでチャットの様子を視聴する,チャット画面をスクロール，またはチャット画面右側に表示されるスクロールバーをドラッグすることでAIとのチャットを見返すことができる．,AIへの印象の評価は，あまり深く考え込まずに自分が感じた印象で評価する．,2,3,2,1,1,1,1,0,1,1,6,1,1,2,1,1,1,1,0,1,0,0,1,0,1,0,1,0,0,0,0,1,女,54,操作方法を読んでからチャットを始めましたが、最初操作にとまどいました。,,
nszw26001_cqVdjgsjix,ja,2026-01-27_23-51-38,2026-01-28_00-06-22,iframegid:conf/iframe/chatItoE_noname_js/index.html,同意する,理解しました,AIとのチャットの様子を視聴する．,あなた自身がユーザになったつもりでチャットの様子を視聴する,チャット画面をスクロール，またはチャット画面右側に表示されるスクロールバーをドラッグすることでAIとのチャットを見返すことができる．,AIへの印象の評価は，あまり深く考え込まずに自分が感じた印象で評価する．,9,5,9,7,8,8,3,7,6,5,5,7,7,8,8,5,8,8,7,8,0,0,1,0,0,0,0,1,0,0,0,1,女,67,,,
nszw26001_aNDB7zYngR,ja,2026-01-27_23-56-24,2026-01-28_00-10-53,iframegid:conf/iframe/chatItoE_noname_js/index.html,同意する,理解しました,AIとのチャットの様子を視聴する．,あなた自身がユーザになったつもりでチャットの様子を視聴する,チャット画面をスクロール，またはチャット画面右側に表示されるスクロールバーをドラッグすることでAIとのチャットを見返すことができる．,AIへの印象の評価は，あまり深く考え込まずに自分が感じた印象で評価する．,4,5,3,1,1,2,2,1,2,4,4,1,2,2,1,2,3,1,1,1,1,0,0,0,0,0,0,1,0,0,0,1,女,47,まあまあだった,,
nszw26001_QdJqbFsyNH,ja,2026-01-28_00-07-08,2026-01-28_00-14-53,iframegid:conf/iframe/chatItoE_noname_js/index.html,同意する,理解しました,AIとのチャットの様子を視聴する．,あなた自身がユーザになったつもりでチャットの様子を視聴する,チャット画面をスクロール，またはチャット画面右側に表示されるスクロールバーをドラッグすることでAIとのチャットを見返すことができる．,AIへの印象の評価は，あまり深く考え込まずに自分が感じた印象で評価する．,1,1,4,1,1,2,5,5,4,1,5,2,5,5,5,4,2,7,5,2,1,0,0,0,0,0,0,1,0,0,0,1,女,57,,,
nszw26001_VDsFuRRo1m,ja,2026-01-28_00-05-45,2026-01-28_00-15-41,iframegid:conf/iframe/chatItoI_noname_js/index.html,同意する,理解しました,AIとのチャットの様子を視聴する．,あなた自身がユーザになったつもりでチャットの様子を視聴する,チャット画面をスクロール，またはチャット画面右側に表示されるスクロールバーをドラッグすることでAIとのチャットを見返すことができる．,AIへの印象の評価は，あまり深く考え込まずに自分が感じた印象で評価する．,6,7,3,2,5,5,5,3,4,5,5,5,5,5,5,5,5,7,4,5,1,0,0,0,0,0,0,1,0,0,0,1,女,61,AIに対するもどかしさを改めて感じさせるアンケートでした。（課金すれば違うのかもしれませんが・・・）,,
nszw26001_DM9uQVfDet,ja,2026-01-28_00-06-09,2026-01-28_00-19-00,iframegid:conf/iframe/chatItoI_name_js/index.html,同意する,理解しました,AIとのチャットの様子を視聴する．,あなた自身がユーザになったつもりでチャットの様子を視聴する,チャット画面をスクロール，またはチャット画面右側に表示されるスクロールバーをドラッグすることでAIとのチャットを見返すことができる．,AIへの印象の評価は，あまり深く考え込まずに自分が感じた印象で評価する．,3,2,5,4,5,2,6,5,6,2,1,2,2,4,6,7,5,7,0,0,1,0,0,0,0,0,0,1,1,0,0,0,答えたくない,53,,,
nszw26001_ZdHvyY2wTb,ja,2026-01-28_00-36-16,2026-01-28_00-43-15,iframegid:conf/iframe/chatItoI_name_js/index.html,同意する,理解しました,AIとのチャットの様子を視聴する．,あなた自身がユーザになったつもりでチャットの様子を視聴する,チャット画面をスクロール，またはチャット画面右側に表示されるスクロールバーをドラッグすることでAIとのチャットを見返すことができる．,AIへの印象の評価は，あまり深く考え込まずに自分が感じた印象で評価する．,7,7,7,7,7,7,5,5,6,5,10,5,5,7,5,5,5,10,10,5,1,0,0,0,0,0,1,0,0,0,0,1,女,50,興味深い,,
nszw26001_8pk5X6nuO5,ja,2026-01-28_00-41-07,2026-01-28_00-48-56,iframegid:conf/iframe/chatItoI_name_js/index.html,同意する,理解しました,AIとのチャットの様子を視聴する．,あなた自身がユーザになったつもりでチャットの様子を視聴する,チャット画面をスクロール，またはチャット画面右側に表示されるスクロールバーをドラッグすることでAIとのチャットを見返すことができる．,AIへの印象の評価は，あまり深く考え込まずに自分が感じた印象で評価する．,3,3,3,2,5,4,3,2,1,5,4,3,3,3,2,2,3,5,3,0,1,0,0,0,0,0,1,0,0,0,0,1,女,59,どのようなモデルを選び、学習量をどれくらいにすると、このようなAIができるのか知りたくなった。,,
nszw26001_HGZj19V8gq,ja,2026-01-28_00-36-53,2026-01-28_00-52-56,iframegid:conf/iframe/chatItoE_noname_js/index.html,同意する,理解しました,AIとのチャットの様子を視聴する．,あなた自身がユーザになったつもりでチャットの様子を視聴する,チャット画面をスクロール，またはチャット画面右側に表示されるスクロールバーをドラッグすることでAIとのチャットを見返すことができる．,AIへの印象の評価は，あまり深く考え込まずに自分が感じた印象で評価する．,7,7,7,4,7,8,8,4,5,6,7,4,6,5,7,5,7,7,5,0,0,0,1,0,0,0,0,1,0,0,0,1,女,60,AIは使い方によっては人間にとって脅威となると思う。,,
